commentDate,videoDate,videoId,videoTitle,commentId,userName,comment_text,likes
2025-06-21T00:20:01Z,2025-06-13T16:00:04Z,1m5PiJnhK3w,Is $CLOV Stock a GOOD Buy Under $3,UgwKeoPbP8WGueyLldp4AaABAg,@korodski,üí∞ ü§ë üí∏,1
2025-06-01T13:54:17Z,2025-05-31T17:13:30Z,dHKofBL3oKY,What Palantir PLTR Can Teach Us About the Future of Clover Health CLOV STOCK,UgzSV5vssN1rxVch0at4AaABAg,@dm09aaj,"I started watching you a month ago and opened my account on April 4th. I funded $9,000, and today, I hit one of my milestones of $58,450...can't thank you enough for helping me change my mindset!!!!",27
2025-05-31T14:44:00Z,2025-05-31T17:13:30Z,dHKofBL3oKY,What Palantir PLTR Can Teach Us About the Future of Clover Health CLOV STOCK,UgxPVQ1N0lfiTU0PBdp4AaABAg,@Potential_to_Splatter,I love it when AL gets fired up. üî•üî•üî•,3
2025-05-31T06:11:28Z,2025-05-31T17:13:30Z,dHKofBL3oKY,What Palantir PLTR Can Teach Us About the Future of Clover Health CLOV STOCK,Ugz-QiiVLQTgGpmRzgt4AaABAg,@ericwick6265,"Joe Lonsdale, co-founder of Palantir was a CSC student at Stanford studying computer science during the same years Andrew Toy was a CSC student at Stanford studying computer science. Clearly, its inevitable they will both succeed at similar magnitudes! üòÇ",8
2025-05-31T11:58:21Z,2025-05-31T17:13:30Z,dHKofBL3oKY,What Palantir PLTR Can Teach Us About the Future of Clover Health CLOV STOCK,UgzxJTKtEM3_i5Wv3Zp4AaABAg,@JH-lc9oz,You‚Äôre truly motivating Al,1
2025-05-31T05:34:51Z,2025-05-31T17:13:30Z,dHKofBL3oKY,What Palantir PLTR Can Teach Us About the Future of Clover Health CLOV STOCK,UgxWZnVB6yHJwsdDzuV4AaABAg,@SatyenPatel-i1v,Change health care 1 clover stock at a time. MAKE HEALTHCARE GREAT AGAIN!,6
2025-06-01T05:44:52Z,2025-05-31T17:13:30Z,dHKofBL3oKY,What Palantir PLTR Can Teach Us About the Future of Clover Health CLOV STOCK,UgyHdHgRHYUQcmVSLAd4AaABAg,@wz9526,"That's hilarious my friend from Houston actually worked for that company, her boss was some indian guy and they love to do unproductive meetings every thursday or so and my friend quit cuz she said their technology suckssss so they push heavy on sales/commision.",0
2025-06-22T01:27:05Z,2025-06-21T17:53:59Z,QpVs1IryI9I,"11 Cheap Hyper Growth Stocks: LFMD, HIMS, SMCI, NBIS, OSCR, CLOV, DLO, STNE, EOLS, ZETA &amp; BOF",UgwfdFgJ8G-v_ct3IZh4AaABAg,@sagig72,"Hi, I want to make a suggestion: Can you do a video about when you are planning to sell your stocks?  I'm really curious about that. So, for example: If LFMD went to $30, would you sell? how about $40?   If SMCI went to $100?    Point is: What is the criteria by which you'll see?    You're looking at EV/GP/RG a lot - that's cool. So, if that ratio went up so much, I imagine you may consider selling, but how much?   If that radio for HIMS (today at 0.156 like you said) will get to '1' or to '2', will you sell?    I really am curious as to how you approach ""when to sell"".  Thank you so much.",8
2025-06-21T23:13:22Z,2025-06-21T17:53:59Z,QpVs1IryI9I,"11 Cheap Hyper Growth Stocks: LFMD, HIMS, SMCI, NBIS, OSCR, CLOV, DLO, STNE, EOLS, ZETA &amp; BOF",Ugxw2pnrBqmtoTVIYWl4AaABAg,@Daves_Gone_Wild,Nbis seems like the best play.. Huge potential,6
2025-06-21T20:45:23Z,2025-06-21T17:53:59Z,QpVs1IryI9I,"11 Cheap Hyper Growth Stocks: LFMD, HIMS, SMCI, NBIS, OSCR, CLOV, DLO, STNE, EOLS, ZETA &amp; BOF",Ugx3FDGCm6R7vU04wBl4AaABAg,@JackOfAllTrades428,"DLO, ZETA and EOLS will make people rich. Insanely undervalued now. Thanks for the video boss.",5
2025-06-21T23:33:08Z,2025-06-21T17:53:59Z,QpVs1IryI9I,"11 Cheap Hyper Growth Stocks: LFMD, HIMS, SMCI, NBIS, OSCR, CLOV, DLO, STNE, EOLS, ZETA &amp; BOF",Ugwnc0hD-PNPBy2HwV94AaABAg,@BeyJing,Thanks for LifeMD advice I went in and up by few K‚Äôs. I also did a play on hims listening to you at 39,3
2025-06-22T01:39:34Z,2025-06-21T17:53:59Z,QpVs1IryI9I,"11 Cheap Hyper Growth Stocks: LFMD, HIMS, SMCI, NBIS, OSCR, CLOV, DLO, STNE, EOLS, ZETA &amp; BOF",UgwHYl3arzn8gpgfLsd4AaABAg,@ryanjuarez5754,"I‚Äôm a videographer for Eols. I‚Äôve been to over 200 service providers over the last 3 years. It‚Äôs a booming business. You missed the fact that they just launched their second product. A filler. It has 5 different SKUs. It‚Äôs the first new tech for filler in years. It is very anticipated and will sell hand in hand with jeuvou. Also, in the real world, no one cares about the migraines. It‚Äôs all about off label use anyways. Love the work!",2
2025-06-22T01:26:58Z,2025-06-21T17:53:59Z,QpVs1IryI9I,"11 Cheap Hyper Growth Stocks: LFMD, HIMS, SMCI, NBIS, OSCR, CLOV, DLO, STNE, EOLS, ZETA &amp; BOF",UgwAP-kEuJthMiencY14AaABAg,@Platinum.Circle,I still own Stone co. It's had a good year from $8 up to $15 the whole year. :),1
2025-06-22T10:05:21Z,2025-06-21T17:53:59Z,QpVs1IryI9I,"11 Cheap Hyper Growth Stocks: LFMD, HIMS, SMCI, NBIS, OSCR, CLOV, DLO, STNE, EOLS, ZETA &amp; BOF",UgxIhGpJkEYvypgkTmR4AaABAg,@jaysis2283,my favorite type of videos. Thanks for your amazing analysis as always BTD,0
2025-06-22T01:16:02Z,2025-06-21T17:53:59Z,QpVs1IryI9I,"11 Cheap Hyper Growth Stocks: LFMD, HIMS, SMCI, NBIS, OSCR, CLOV, DLO, STNE, EOLS, ZETA &amp; BOF",UgxrOivfuLHsdFO6UFx4AaABAg,@Platinum.Circle,Was looking forward to this!!!,1
2025-06-22T02:38:03Z,2025-06-21T17:53:59Z,QpVs1IryI9I,"11 Cheap Hyper Growth Stocks: LFMD, HIMS, SMCI, NBIS, OSCR, CLOV, DLO, STNE, EOLS, ZETA &amp; BOF",UgzRaqUIShDj_dKWYwh4AaABAg,@morehn,"I like these long list videos, although I also appreciate your deep analyses",0
2025-06-21T20:48:13Z,2025-06-21T17:53:59Z,QpVs1IryI9I,"11 Cheap Hyper Growth Stocks: LFMD, HIMS, SMCI, NBIS, OSCR, CLOV, DLO, STNE, EOLS, ZETA &amp; BOF",UgwZd_TMoqQawuYOP1N4AaABAg,@SteveF3798,You the man BTD,2
2025-06-22T05:22:17Z,2025-06-21T17:53:59Z,QpVs1IryI9I,"11 Cheap Hyper Growth Stocks: LFMD, HIMS, SMCI, NBIS, OSCR, CLOV, DLO, STNE, EOLS, ZETA &amp; BOF",UgwIsCK5IRwvIrWelqh4AaABAg,@Ïú†Ïûê-b9y,Thank you for letting us know about Hims so We can invest in Hims!,0
2025-06-21T18:08:47Z,2025-06-21T17:53:59Z,QpVs1IryI9I,"11 Cheap Hyper Growth Stocks: LFMD, HIMS, SMCI, NBIS, OSCR, CLOV, DLO, STNE, EOLS, ZETA &amp; BOF",UgwkFbNVwgK84zHb5Ul4AaABAg,@stefanpetri9334,"Thank for the continues updates and Infos, has already helped me a lot. üòäüôè",1
2025-06-22T04:00:26Z,2025-06-21T17:53:59Z,QpVs1IryI9I,"11 Cheap Hyper Growth Stocks: LFMD, HIMS, SMCI, NBIS, OSCR, CLOV, DLO, STNE, EOLS, ZETA &amp; BOF",UgzB2EP-h8HP8B6Bj4R4AaABAg,@TimeLapseCarGuyBruno,I wiffed on LFMD.. totally had my chance @$4.. never the less I have started a position in KULR... 250m MC.. with almost 100m in BTC seems like a steal of a deal with the underlying business having massive potential..ceo MO starting to make a lot of sense. Saylor being a big influence on the company strategy... Monday should be interesting with the reverse split.. could have another sell-off.. hoping the stock dips to under $6... what a deal!,0
2025-06-21T20:18:09Z,2025-06-21T17:53:59Z,QpVs1IryI9I,"11 Cheap Hyper Growth Stocks: LFMD, HIMS, SMCI, NBIS, OSCR, CLOV, DLO, STNE, EOLS, ZETA &amp; BOF",Ugz6zEEKz-Ockk315K54AaABAg,@MRO73021,Great video as always. $Clov and $Bsem really caught my eye,1
2025-06-21T22:43:56Z,2025-06-21T17:53:59Z,QpVs1IryI9I,"11 Cheap Hyper Growth Stocks: LFMD, HIMS, SMCI, NBIS, OSCR, CLOV, DLO, STNE, EOLS, ZETA &amp; BOF",Ugw-p8iTkb89ivFp3Hp4AaABAg,@Mostly_bad,Thanks for the video BTD. Your channel is always a must watch. Every time dig into new names I end up thinking that I should just buy more HIMS. üòä,3
2025-06-21T18:25:02Z,2025-06-21T17:53:59Z,QpVs1IryI9I,"11 Cheap Hyper Growth Stocks: LFMD, HIMS, SMCI, NBIS, OSCR, CLOV, DLO, STNE, EOLS, ZETA &amp; BOF",UgwDZk4ZDmn4_oMXxFF4AaABAg,@sflawchild1,Please cover Vertiv holdings (VRT),3
2025-06-21T18:22:04Z,2025-06-21T17:53:59Z,QpVs1IryI9I,"11 Cheap Hyper Growth Stocks: LFMD, HIMS, SMCI, NBIS, OSCR, CLOV, DLO, STNE, EOLS, ZETA &amp; BOF",UgzWjqmUY_857F8J__N4AaABAg,@UncleSaif,Appreciate your hard work ‚Ä¶..thanks,3
2025-06-21T18:22:45Z,2025-06-21T17:53:59Z,QpVs1IryI9I,"11 Cheap Hyper Growth Stocks: LFMD, HIMS, SMCI, NBIS, OSCR, CLOV, DLO, STNE, EOLS, ZETA &amp; BOF",UgwR28Dfa5g3tJepjKp4AaABAg,@konradlllstaufer156,"I jus sold out, everything,.just  2400 Hims are left.after a really good run this year and last year. Its time on the sideline. Ce n'est pas le moment d'√™tre avide",3
2025-06-21T18:01:47Z,2025-06-21T17:53:59Z,QpVs1IryI9I,"11 Cheap Hyper Growth Stocks: LFMD, HIMS, SMCI, NBIS, OSCR, CLOV, DLO, STNE, EOLS, ZETA &amp; BOF",UgwZys84m9nNA2KnX3V4AaABAg,@7narutofreak,can you cover applovin,4
2025-06-22T11:27:14Z,2025-06-21T17:53:59Z,QpVs1IryI9I,"11 Cheap Hyper Growth Stocks: LFMD, HIMS, SMCI, NBIS, OSCR, CLOV, DLO, STNE, EOLS, ZETA &amp; BOF",UgykL0prgCDCxH5HIGp4AaABAg,@ThalesMiletusIP,"Thanks. Amazing video as always. Would be great if you could do a deep dive on Zeta. Have some competition concerns re them and TTD (will Meta, Google, Amazon, who can invest unlimited amounts, eat their lunch)",0
2025-06-21T20:48:10Z,2025-06-21T17:53:59Z,QpVs1IryI9I,"11 Cheap Hyper Growth Stocks: LFMD, HIMS, SMCI, NBIS, OSCR, CLOV, DLO, STNE, EOLS, ZETA &amp; BOF",UgwrHptfMDiq0wrI7Lx4AaABAg,@sagig72,"Great video as always man. I love these ""10 or 11 cheap stocks"" comparison videos, keep them coming. To me it's obvious that the best of all of it here is HIMS.  I love LFMD also. LFMD is still cheap, but I feel just as you are a bit frustrated that it's running much cause I could have bought more. I'm sure it'll come down at some point. LFMD by the way, also has a Medicare advantage. I'm not sure if you highlighted it.   Outside these 2: SMCI, NBIS and STNE all seem interesting, but I think they'll all more risky for different reasons.  Great video!",2
2025-06-22T09:28:20Z,2025-06-21T17:53:59Z,QpVs1IryI9I,"11 Cheap Hyper Growth Stocks: LFMD, HIMS, SMCI, NBIS, OSCR, CLOV, DLO, STNE, EOLS, ZETA &amp; BOF",UgwiW7MzuTvj1MFq1U14AaABAg,@dansolo360,Chapters on the video would be super helpful,0
2025-06-21T18:50:37Z,2025-06-21T17:53:59Z,QpVs1IryI9I,"11 Cheap Hyper Growth Stocks: LFMD, HIMS, SMCI, NBIS, OSCR, CLOV, DLO, STNE, EOLS, ZETA &amp; BOF",Ugz-2S-_Vtr2bZZ4Wnx4AaABAg,@amitsheinbox3194,"Hi, great video as always. A technical question ‚Äî which API do you use to fetch the data? Do you do it manually or automatically?",0
2025-06-21T21:12:41Z,2025-06-21T17:53:59Z,QpVs1IryI9I,"11 Cheap Hyper Growth Stocks: LFMD, HIMS, SMCI, NBIS, OSCR, CLOV, DLO, STNE, EOLS, ZETA &amp; BOF",UgyKJkAMR1KuT4YXRDZ4AaABAg,@Soriyou3,Also APLD,1
2025-06-22T03:32:48Z,2025-06-21T17:53:59Z,QpVs1IryI9I,"11 Cheap Hyper Growth Stocks: LFMD, HIMS, SMCI, NBIS, OSCR, CLOV, DLO, STNE, EOLS, ZETA &amp; BOF",UgwQBp8hwN_6VLHywnx4AaABAg,@SKD_3,Can you please review $MVST ?,0
2025-06-22T02:49:11Z,2025-06-21T17:53:59Z,QpVs1IryI9I,"11 Cheap Hyper Growth Stocks: LFMD, HIMS, SMCI, NBIS, OSCR, CLOV, DLO, STNE, EOLS, ZETA &amp; BOF",Ugw5uLytznizBVZy9UZ4AaABAg,@ob_r9075,You should tak a look at $dsp,0
2025-06-21T21:03:10Z,2025-06-21T17:53:59Z,QpVs1IryI9I,"11 Cheap Hyper Growth Stocks: LFMD, HIMS, SMCI, NBIS, OSCR, CLOV, DLO, STNE, EOLS, ZETA &amp; BOF",UgzjUlnJfe-uUc71Ah94AaABAg,@Soriyou3,"Have ZETA, HIMS, OSCR, CLOV. LFMD looks alright, but it just skyrocketed too much recently... SMCI is all or nothing. Will look into others more.",0
2025-06-21T19:53:42Z,2025-06-21T17:53:59Z,QpVs1IryI9I,"11 Cheap Hyper Growth Stocks: LFMD, HIMS, SMCI, NBIS, OSCR, CLOV, DLO, STNE, EOLS, ZETA &amp; BOF",Ugy0DrwWD3M9tKRc8GV4AaABAg,@exile8615,What is the main competitor of SMCI and their market share in their space,0
2025-06-21T19:58:14Z,2025-06-21T17:53:59Z,QpVs1IryI9I,"11 Cheap Hyper Growth Stocks: LFMD, HIMS, SMCI, NBIS, OSCR, CLOV, DLO, STNE, EOLS, ZETA &amp; BOF",UgyN8ypJk2x8-0XbV-x4AaABAg,@ainsworld,Was going to ask in discord about zeta,0
2025-06-21T20:26:41Z,2025-06-21T17:53:59Z,QpVs1IryI9I,"11 Cheap Hyper Growth Stocks: LFMD, HIMS, SMCI, NBIS, OSCR, CLOV, DLO, STNE, EOLS, ZETA &amp; BOF",UgxDAoHxgYPkzwv3Hol4AaABAg,@dunks4212,Respect ‚ù§,0
2025-06-21T18:36:54Z,2025-06-21T17:53:59Z,QpVs1IryI9I,"11 Cheap Hyper Growth Stocks: LFMD, HIMS, SMCI, NBIS, OSCR, CLOV, DLO, STNE, EOLS, ZETA &amp; BOF",Ugx6Ada6sTZrcNa6vPp4AaABAg,@raymondmay2136,"Thanks for covering CLOV, I bgt 50k shares at $1. No plans to sell. My reason is mainly driven by AI offering which has not yet shown up on the Income statement yet.",1
2025-06-22T12:53:27Z,2025-06-21T17:53:59Z,QpVs1IryI9I,"11 Cheap Hyper Growth Stocks: LFMD, HIMS, SMCI, NBIS, OSCR, CLOV, DLO, STNE, EOLS, ZETA &amp; BOF",Ugz4oHrbFQnx_61G6uV4AaABAg,@BenedictT.5,"I‚Äôm eager to invest in stocks this 2025 but hesitant due to risks. With others making millions, what‚Äôs the best low-risk strategy for solid gains?",0
2025-06-22T02:24:50Z,2025-06-21T17:53:59Z,QpVs1IryI9I,"11 Cheap Hyper Growth Stocks: LFMD, HIMS, SMCI, NBIS, OSCR, CLOV, DLO, STNE, EOLS, ZETA &amp; BOF",UgyE_M0qVLwkjB5S9kZ4AaABAg,@JohannBenesch,"Thank you for your videos mate.... You always brings solid insight, and I agree the market looks like it might‚Äôve found a bottom. That said, I‚Äôve been leaning more into crypto lately. Stocks are cool, but they move slow compared to the opportunities in crypto. The volatility can be wild, but if you‚Äôve got a plan and stay disciplined, the gains are real. I‚Äôve grown my portfolio from 130K to 632K in just a few months working with Helen Hinton guides  helped me block out the noise and focus on smart moves. Definitely worth looking into while the market‚Äôs still waking up.",105
2025-06-21T18:46:31Z,2025-06-21T17:53:59Z,QpVs1IryI9I,"11 Cheap Hyper Growth Stocks: LFMD, HIMS, SMCI, NBIS, OSCR, CLOV, DLO, STNE, EOLS, ZETA &amp; BOF",Ugzwf-qh3-lNWNFLt5x4AaABAg,@rando54987,What is the difference between LifeMD and Teledoc?,0
2025-06-22T08:05:33Z,2025-06-21T17:53:59Z,QpVs1IryI9I,"11 Cheap Hyper Growth Stocks: LFMD, HIMS, SMCI, NBIS, OSCR, CLOV, DLO, STNE, EOLS, ZETA &amp; BOF",Ugy6C4UV9VGKxuiZc254AaABAg,@TheSalask8,why you dont cover Robinhood?,0
2025-06-21T17:56:41Z,2025-06-21T17:53:59Z,QpVs1IryI9I,"11 Cheap Hyper Growth Stocks: LFMD, HIMS, SMCI, NBIS, OSCR, CLOV, DLO, STNE, EOLS, ZETA &amp; BOF",UgzSNM_CAwIWm9oz7_94AaABAg,@7narutofreak,Could you add price targets or price when to enter,3
2025-06-21T18:34:00Z,2025-06-21T17:53:59Z,QpVs1IryI9I,"11 Cheap Hyper Growth Stocks: LFMD, HIMS, SMCI, NBIS, OSCR, CLOV, DLO, STNE, EOLS, ZETA &amp; BOF",UgwED7ngVd4cFZ-7kkB4AaABAg,@pandai87,Will review it to allocate my 3.000 dollars savings of this month ‚ù§,0
2025-06-21T20:00:28Z,2025-06-21T17:53:59Z,QpVs1IryI9I,"11 Cheap Hyper Growth Stocks: LFMD, HIMS, SMCI, NBIS, OSCR, CLOV, DLO, STNE, EOLS, ZETA &amp; BOF",Ugz3xxGIIZgTc5Iy77R4AaABAg,@ainsworld,$EOSE ?,0
2025-06-21T19:51:05Z,2025-06-21T17:53:59Z,QpVs1IryI9I,"11 Cheap Hyper Growth Stocks: LFMD, HIMS, SMCI, NBIS, OSCR, CLOV, DLO, STNE, EOLS, ZETA &amp; BOF",UgwSJCJ7Mq8GgdGMNEN4AaABAg,@exile8615,How can someone make themselves buy more shares if your cost basis is much lower.,0
2025-06-21T19:52:24Z,2025-06-21T17:53:59Z,QpVs1IryI9I,"11 Cheap Hyper Growth Stocks: LFMD, HIMS, SMCI, NBIS, OSCR, CLOV, DLO, STNE, EOLS, ZETA &amp; BOF",UgywbHDKpn7mSrsLw4l4AaABAg,@limebear4826,"No TSSI? 500% growth, AI play and 50 times earnings  BOF is cool too.",0
2025-06-22T00:32:18Z,2025-06-21T17:53:59Z,QpVs1IryI9I,"11 Cheap Hyper Growth Stocks: LFMD, HIMS, SMCI, NBIS, OSCR, CLOV, DLO, STNE, EOLS, ZETA &amp; BOF",Ugxij4gS0swX2HlvCid4AaABAg,@johnrogers9065,NU,1
2025-06-21T19:32:16Z,2025-06-21T17:53:59Z,QpVs1IryI9I,"11 Cheap Hyper Growth Stocks: LFMD, HIMS, SMCI, NBIS, OSCR, CLOV, DLO, STNE, EOLS, ZETA &amp; BOF",UgyYt75Z0PCw42ul5wd4AaABAg,@RogerCharlesDrown,"Thank you so much But What's a practical, reliable way to earn through crypto in 2025? just a strategy that actually works",1
2025-06-21T17:54:12Z,2025-06-21T17:53:59Z,QpVs1IryI9I,"11 Cheap Hyper Growth Stocks: LFMD, HIMS, SMCI, NBIS, OSCR, CLOV, DLO, STNE, EOLS, ZETA &amp; BOF",Ugwh0ATOxumEH1eclsl4AaABAg,@mattt1994,First!!,1
2025-06-21T18:32:12Z,2025-06-21T17:53:59Z,QpVs1IryI9I,"11 Cheap Hyper Growth Stocks: LFMD, HIMS, SMCI, NBIS, OSCR, CLOV, DLO, STNE, EOLS, ZETA &amp; BOF",UgzK5KBT8BO7NRSodcJ4AaABAg,@UncleSaif,TDOC.  ‚ùì,0
2025-05-26T22:12:36Z,2025-05-26T23:18:58Z,jiDgbgAJCBA,CLOV Stock TUESDAY BREAKING! (massive news!) Clover Health Investments,Ugz388p5DvWFc5BNL_94AaABAg,@mrsickotrading,"Get my free trading and money making emails to shortcut your learning (Free) üëâhttps://mrsicko.substack.com/?showWelcome=true All Workshops and Trading Materials Bundle + Discord. (How I trade to make consistent Profits) üëâhttps://mrsicko.gumroad.com/l/trademastery101/itl6tkx TOOLS: Also, you will need a charting platform, I recommend Tradingview (The fastest way to follow markets, what I use, I've tried them all) üëâ https://bit.ly/3EhgZul (this is an affiliate link, but it is the only way to get you a $15 off, +2 months, yearly discount if interested)",0
2025-05-08T11:57:05Z,2025-05-07T19:09:03Z,bB40Drf_Mi4,Clover Health CLOV stock: Something BIG is coming! üöÄ Post-earnings reaction + price target,UgwbaJ-luZ5oxG8TQ7R4AaABAg,@Potential_to_Splatter,"We love you Andrew Toy, Peter Kuiper and all of the team members at Clover Health working relentlessly to improve every life!",0
2025-05-08T12:21:26Z,2025-05-07T19:09:03Z,bB40Drf_Mi4,Clover Health CLOV stock: Something BIG is coming! üöÄ Post-earnings reaction + price target,UgwDJLpChbTLXaofLAV4AaABAg,@Potential_to_Splatter,We love you Al and we love Michelle as well. She must be very understanding.,0
2025-05-08T00:57:43Z,2025-05-07T19:09:03Z,bB40Drf_Mi4,Clover Health CLOV stock: Something BIG is coming! üöÄ Post-earnings reaction + price target,Ugz1A1OZss26msGpUMF4AaABAg,@sshinski,"""Its not magic, its just MATH."" something about that was way too funny to me lol",3
2025-05-07T19:23:37Z,2025-05-07T19:09:03Z,bB40Drf_Mi4,Clover Health CLOV stock: Something BIG is coming! üöÄ Post-earnings reaction + price target,Ugzxh54kPP9VmNld_H54AaABAg,@kevinfernandez9828,You‚Äôre a champ Al!,3
2025-05-07T21:06:03Z,2025-05-07T19:09:03Z,bB40Drf_Mi4,Clover Health CLOV stock: Something BIG is coming! üöÄ Post-earnings reaction + price target,UgyHQHMyLISFpsCJiEd4AaABAg,@JPCollection,Hey Al just brought your lifetime! üöÄ hopping in to millionaire!,2
2025-05-07T22:34:11Z,2025-05-07T19:09:03Z,bB40Drf_Mi4,Clover Health CLOV stock: Something BIG is coming! üöÄ Post-earnings reaction + price target,UgypMhBZJaSTyplPTmd4AaABAg,@Bakedzito,Get it AL ‚ù§,2
2025-05-07T21:29:27Z,2025-05-07T19:09:03Z,bB40Drf_Mi4,Clover Health CLOV stock: Something BIG is coming! üöÄ Post-earnings reaction + price target,UgwfkfoaXmebgdP2s-B4AaABAg,@JH-lc9oz,‚ù§ I want to buy more shares,2
2025-05-08T12:27:14Z,2025-05-07T19:09:03Z,bB40Drf_Mi4,Clover Health CLOV stock: Something BIG is coming! üöÄ Post-earnings reaction + price target,UgzhKvvSRyGQVXXDvrN4AaABAg,@craigyoung2688,Math never lies. True story,0
2025-05-07T21:25:15Z,2025-05-07T19:09:03Z,bB40Drf_Mi4,Clover Health CLOV stock: Something BIG is coming! üöÄ Post-earnings reaction + price target,UgzNE88RNDRd2clNmtl4AaABAg,@jefferyburke5717,Holly shit ! Love it,1
2025-05-08T21:17:02Z,2025-05-07T19:09:03Z,bB40Drf_Mi4,Clover Health CLOV stock: Something BIG is coming! üöÄ Post-earnings reaction + price target,Ugw6V3ZXX2Mt4xxggdp4AaABAg,@edmondprice6215,A week ago AL was saying we are going to hit $25 in 2025. Now he‚Äôs say might hit a bull case of $22 in 2026.,0
2025-05-07T23:58:41Z,2025-05-07T19:09:03Z,bB40Drf_Mi4,Clover Health CLOV stock: Something BIG is coming! üöÄ Post-earnings reaction + price target,Ugxzk1mLyJOYHg2H-3x4AaABAg,@kena5086,üöÄ üöÄ üöÄ,1
2025-05-08T01:54:49Z,2025-05-07T19:09:03Z,bB40Drf_Mi4,Clover Health CLOV stock: Something BIG is coming! üöÄ Post-earnings reaction + price target,UgwQi9aS0hTLJm9G0Nl4AaABAg,@GPx1,"I ‚ù§ TOYS!!! I mean, Andrew Toy is the $#!+!!",0
2025-06-17T23:23:57Z,2025-06-17T22:00:25Z,Q8wJRM0d-4U,"$CLOV: Rise, Fall, and What&#39;s Next?",UgzyWQygkFHzbSvPVWh4AaABAg,@DutcherCapital,"I covered $CLOV when it was the hottest stock on YouTube‚Ä¶ and now, 4 years later, here‚Äôs the full story. Whether you‚Äôre still holding, moved on, or just curious what happened ‚Äî I want to hear from you:",2
2025-06-20T22:37:35Z,2025-06-17T22:00:25Z,Q8wJRM0d-4U,"$CLOV: Rise, Fall, and What&#39;s Next?",UgzjBDHOq4bz7bKQCAh4AaABAg,@jeffoconnor1323,"you've been missed, the last 4 years, my man.  glad ur back",0
2025-06-17T23:41:29Z,2025-06-17T22:00:25Z,Q8wJRM0d-4U,"$CLOV: Rise, Fall, and What&#39;s Next?",UgxKHU5fXQeSDdD0EbV4AaABAg,@auskip07,The spac aspect makes this stock more dynamic.    Looking forward to the future of clov,0
2025-06-17T23:32:47Z,2025-06-17T22:00:25Z,Q8wJRM0d-4U,"$CLOV: Rise, Fall, and What&#39;s Next?",UgwFtw1O5IcIbsIwgfB4AaABAg,@auskip07,OG clov investor!,0
2025-06-18T00:32:33Z,2025-06-17T22:00:25Z,Q8wJRM0d-4U,"$CLOV: Rise, Fall, and What&#39;s Next?",Ugxul1ClSXzAVkiMdk14AaABAg,@Drewsifix,the business is more sound than ever and price is simply not a true reflection of that. Need a few more quarters. We are FCF+ and switching over to net income + that means the stock price will be moving up in inevitably.,0
2025-01-17T19:30:04Z,2025-01-18T11:30:31Z,WBdQOV-M0d4,FRESH BREAKOUT | $CLOV STOCK ANALYSIS | CLOVER HEALTH INVESTMENTS CORP STOCK,Ugz_e8bwSh5X1-GFkYZ4AaABAg,@MAKINGMONEYWITHWALLSTREET,"For business queries and other queries email me @ sdasgupta.7187@gmail.com Disclaimer: I am not a registered advisor and not authorized by  any stock market regulator / authority. I discuss about potential trends  but not giving any buy / sell recommendations,  and any profit / loss, you will incur will be your sole responsibility",1
2025-05-07T22:11:47Z,2025-05-07T22:59:06Z,rW0h3u-vU7U,CLOV Stock THURSDAY EVEN CRAZIER! (buy?) Clover Health,UgxuTfyHxwdKwv8OZWB4AaABAg,@mrsickotrading,"Get my free trading and money making emails to shortcut your learning (Free): https://mrsicko.substack.com/?showWelcome=true All Workshops and Trading Materials Bundle + Discord. (How I trade to make consistent Profits): https://mrsicko.gumroad.com/l/trademastery101/itl6tkx TOOLS: Also, you will need a charting platform, I recommend Tradingview (The fastest way to follow markets, what I use, I've tried them all): https://bit.ly/3EhgZul (this is an affiliate link, but it is the only way to get you a $15 off, +2 months, yearly discount if interested)",0
2025-05-08T00:36:03Z,2025-05-07T22:59:06Z,rW0h3u-vU7U,CLOV Stock THURSDAY EVEN CRAZIER! (buy?) Clover Health,Ugw1bo8878cEVPFoEhJ4AaABAg,@ryaninSartell,Technicals don't work.,0
2024-10-02T22:21:35Z,2024-10-02T22:19:25Z,vF4ViHXAz_s,"Technical Analysis: $AFRM, $ASTS, $BBY, $CLOV, $HIMS, $HOOD, $LULU, $MSFT, $NKE, $OXY, $TSLA",UgyqRNbzUckRJ6dxwod4AaABAg,@NoRandomTrades,Time Stamps 0:00 INTRO 0:32 AFRM 3:32 ASTS 5:50 BBY 8:00 CLOV 11:08 HIMS 14:00 HOOD 15:48 LULU 18:02 MSFT 20:07 NKE 23:34 OXY 25:25 TSLA,0
2025-01-20T11:14:56Z,2025-01-20T05:52:37Z,43tA4Oipf84,What Vivek Garipalli Revealed About Clover Health: Why $CLOV Stock Is Set to Explode!,UgxhPdj9LbPGPGyroHp4AaABAg,@JH-lc9oz,Thank you Al,1
2025-01-20T03:32:58Z,2025-01-20T05:52:37Z,43tA4Oipf84,What Vivek Garipalli Revealed About Clover Health: Why $CLOV Stock Is Set to Explode!,UgzfXQKdqTd7amFlF8F4AaABAg,@pyc147,"Good song, I really love it.",1
2025-01-20T02:18:48Z,2025-01-20T05:52:37Z,43tA4Oipf84,What Vivek Garipalli Revealed About Clover Health: Why $CLOV Stock Is Set to Explode!,UgyOenuzdQCpymUrkPB4AaABAg,@sshinski,This intro song slaps best at 1.1x speed.. any faster than that and your pre AL video hype party ends too fast,1
2025-01-20T16:54:57Z,2025-01-20T05:52:37Z,43tA4Oipf84,What Vivek Garipalli Revealed About Clover Health: Why $CLOV Stock Is Set to Explode!,Ugxw1hsHFmA22Ga2UIN4AaABAg,@JoeyBaguez,Sweep the leg all the way to $5,0
2025-01-19T20:49:51Z,2025-01-20T05:52:37Z,43tA4Oipf84,What Vivek Garipalli Revealed About Clover Health: Why $CLOV Stock Is Set to Explode!,Ugz206tziA-opMRIPw94AaABAg,@camrenmike7311,On Etrade for some reason the chain says $8 for Feb but by March it's back to $6,0
2025-01-19T22:54:06Z,2025-01-20T05:52:37Z,43tA4Oipf84,What Vivek Garipalli Revealed About Clover Health: Why $CLOV Stock Is Set to Explode!,Ugx_w3i7PTTdao-r7sB4AaABAg,@FireworksA.-fg2ew,Luo 2.0 Going to Vegas Going to the moon Precious homeless  We all gonna be millionaires  Does this sound familiar???,0
2025-01-19T19:40:47Z,2025-01-20T05:52:37Z,43tA4Oipf84,What Vivek Garipalli Revealed About Clover Health: Why $CLOV Stock Is Set to Explode!,UgxyszVT8G-_nUEchkt4AaABAg,@oprahbeat3r,HOLY SHIT!,1
2025-01-19T22:18:18Z,2025-01-20T05:52:37Z,43tA4Oipf84,What Vivek Garipalli Revealed About Clover Health: Why $CLOV Stock Is Set to Explode!,Ugz4TINAg3uISMr0p514AaABAg,@zachenokido2054,üçÄ ‚òòÔ∏è üçÄ,1
2025-01-19T19:06:00Z,2025-01-20T05:52:37Z,43tA4Oipf84,What Vivek Garipalli Revealed About Clover Health: Why $CLOV Stock Is Set to Explode!,UgzX4_FPnFhKF3wQXjt4AaABAg,@3DMachines,But the real question is‚Ä¶ what about Pfizer lol,1
2025-01-19T19:33:42Z,2025-01-20T05:52:37Z,43tA4Oipf84,What Vivek Garipalli Revealed About Clover Health: Why $CLOV Stock Is Set to Explode!,UgwS__vQ--1GiDVPPkZ4AaABAg,@dessanguyen,I hope it goes to $3 I need a reload! Bahaha I'm howling over your rootless comment üòÇ‚ù§üéâ,0
2025-01-19T23:51:07Z,2025-01-20T05:52:37Z,43tA4Oipf84,What Vivek Garipalli Revealed About Clover Health: Why $CLOV Stock Is Set to Explode!,Ugy9XG58cganH-SxRRZ4AaABAg,@imawesome1822,I love clover and long time investor but this host is. Total Ham. Go sell cars bro. Turn in your 20 degrees and get a job at home shopping network,1
2025-01-11T21:14:26Z,2025-01-11T21:06:56Z,_Q0MbLXjBOk,"Technical Analysis: $AFRM, $AMD, $CLOV, $COST, $FUBO, $GEV, $HIMS, and Magnificent 7",UgwNGVo_SNrRzHsScSF4AaABAg,@NoRandomTrades,https://x.com/norandomtrades Time Stamps 0:00 AFRM 3:45 AMD 7:14 CLOV 10:03 COST 14:05 FUBO 17:40 GEV 19:28 HIMS 21:37 Magnificent 7,0
2025-06-10T02:40:47Z,2025-06-10T02:17:30Z,K3zNjNHCijw,"TARGET SHORT SELLERS &quot; $CISO, The lessons from $CLOV and $MVST&quot; 06/10/2025",UgzTVwFA9U6GmvMLocR4AaABAg,@debbiehiley1337,Thank you!,0
2025-01-13T23:10:09Z,2025-01-14T00:03:31Z,EpWWLiTpKJc,"CLOV Stock Analysis: Is it a buy? (January 14, 2025) CLOV",Ugz_AwWciIu2FXP84it4AaABAg,@mrsickotrading,"I Show 2,497+ Traders how to make more money in a simple way (Free Tips):https://mrsicko.substack.com/?showWelcome=true Want my Simple 3 step TM 101 Strategy + TraderBrain + private AMA on discord with me?  (FLASH SALE, 12/15 spots taken, offer ends 15th January 2025) https://mrsicko.gumroad.com/l/trademastery101",0
2024-08-05T22:34:17Z,2024-08-05T22:35:50Z,M2UB9L2vSj4,Clover Health Stock is PROFITABLE! $CLOV Stock Earnings Analysis,Ugyp16uHSeDJ5VKlSLB4AaABAg,@VTmyET69420LaTesla,FREE DISCORD COMMUNITY:  https://discord.gg/5wTTgXrnC2 LET ME DO YOUR TAXES: https://www.dropbox.com/scl/fi/vxcwnzulb26l65r1covac/Tax-Presentation.pptx?rlkey=ccrtkw1u82r45glkgm30atwud&dl=0 STRONG MAN WILL MAKE A DEDICATED VIDEO FOR YOU - https://www.dropbox.com/s/9wt3z47zgtpd1v9/Dedicated%20Video.docx?dl=0 BOOK A 1-ON-1 WITH STRONG MAN-  https://www.dropbox.com/s/1515qr7vfaskjmb/1%20ON%201%20WITH%20STRONG%20MAN.docx?dl=0 BUY MY BOOK ON AMAZON - STOP BEING A BROKE LOSER  https://www.amazon.com/Stop-Being-Broke-Loser-Christopher/dp/B08P1GYFC3/ref=sr_1_1?dchild=1&keywords=stop+being+a+broke+loser&qid=1614566272&sr=8-1,0
2024-08-05T22:36:24Z,2024-08-05T22:35:50Z,M2UB9L2vSj4,Clover Health Stock is PROFITABLE! $CLOV Stock Earnings Analysis,Ugxfi0cyvSwZd4pHeHl4AaABAg,@DreamRydeMusic,Keep buying up Sofi,8
2024-08-07T23:46:30Z,2024-08-05T22:35:50Z,M2UB9L2vSj4,Clover Health Stock is PROFITABLE! $CLOV Stock Earnings Analysis,UgyYWlGlPJuBmudrqxV4AaABAg,@Drewsifix,"Clov has the best MCR I. Healthcare which is medical cost ratio and the #1 metric used to gauge the success and margins of a medical insurance company. Also this is not just a Medicare advantage firm, they have the single best proprietary AI software called Clover assistant which has proven to improve patient outcomes and lower MCR . This is a SASS company! Once Humana and all the rest of the incumbents start buying their software it‚Äôs off to the moon üöÄ btw their board members include Chelsea Clinton and the dude his job is to be the cop on the beat for Medicare to ensure there isn‚Äôt fraud going on in the Medicare advantage space. Do the intrinsic value calculation for this company, it remains under valued!",7
2024-08-05T22:47:07Z,2024-08-05T22:35:50Z,M2UB9L2vSj4,Clover Health Stock is PROFITABLE! $CLOV Stock Earnings Analysis,Ugw2wwRfwgtebelCMCh4AaABAg,@realcapers,"Please do, Palantir. They just knocked it outta the ball park.",7
2024-08-22T16:22:05Z,2024-08-05T22:35:50Z,M2UB9L2vSj4,Clover Health Stock is PROFITABLE! $CLOV Stock Earnings Analysis,Ugwof8_8mneNUJqkHX54AaABAg,@wanbart9476,After a week and so...Clover fly up to $3.80... üöÄüöÄ,2
2024-08-23T18:57:12Z,2024-08-05T22:35:50Z,M2UB9L2vSj4,Clover Health Stock is PROFITABLE! $CLOV Stock Earnings Analysis,UgwAjMxf-Ux7vsWW9px4AaABAg,@austinatencio7775,thanks for the video! I def gunna hit you up about a specific stock to analyze. Just gotta pick it.,0
2024-11-07T03:16:42Z,2024-08-05T22:35:50Z,M2UB9L2vSj4,Clover Health Stock is PROFITABLE! $CLOV Stock Earnings Analysis,UgxrW9CdkV7c4seWimB4AaABAg,@Drivermissing,I remember you saying this company was shit‚Ä¶.. üòÇ,1
2024-08-11T12:04:08Z,2024-08-05T22:35:50Z,M2UB9L2vSj4,Clover Health Stock is PROFITABLE! $CLOV Stock Earnings Analysis,Ugzs7_ZuO4ZUml3oogt4AaABAg,@angers5717,"Strongman sounded a bit bullish which he usually on penny stocks ex spacs. I wonder if Scamath is still involved in this or left people holding the bag, as he usually does.",0
2024-08-05T22:39:30Z,2024-08-05T22:35:50Z,M2UB9L2vSj4,Clover Health Stock is PROFITABLE! $CLOV Stock Earnings Analysis,Ugx_Tu0KTNZrNU3iGYV4AaABAg,@blackandrew7575,CHIMATH IS THE MAN,2
2024-09-17T12:43:45Z,2024-08-05T22:35:50Z,M2UB9L2vSj4,Clover Health Stock is PROFITABLE! $CLOV Stock Earnings Analysis,Ugy0-ca-aWj85zNPqkV4AaABAg,@Jcrazy314,"Your video was pretty disappointing. It would help if you actually looked into the company before making a video of it. The numbers do make more sense when you account for them cutting unprofitable business segments last year. You said it looked like they may have, but since you weren't sure, you didn't adequately tie that change into the revenue and lives under care numbers. Your snarky comment about ""who freaking knows"" if the software works, made you look uninformed as the software is what is driving the substantial change in MCR...which is the lowest in the industry. Also, I get the ""adjusted"" numbers are fairly useless, and I agree, but the BER was recently added just to help investors compare Clover to other companies within the industry. Great analysis doesn't begin with ""I don't know what that is"" for half the accounts listed in the SCF. Overall, you showed your lack of knowledge of the company and the industry, do better.",0
2024-08-22T10:03:49Z,2024-08-05T22:35:50Z,M2UB9L2vSj4,Clover Health Stock is PROFITABLE! $CLOV Stock Earnings Analysis,UgwRpOg1tpNbMcDbsaR4AaABAg,@stingerhit6535,"Yo weakman im almost in the green, when i break even im selling and putting it all into sp500. When i started out in crypto in 2021, i was dumb enough to put 700 dollars into clov. My average 4 dollars yo",0
2024-08-19T21:28:54Z,2024-08-05T22:35:50Z,M2UB9L2vSj4,Clover Health Stock is PROFITABLE! $CLOV Stock Earnings Analysis,UgymyoIKZItQMncyX294AaABAg,@Playglenthomas_LookItUp,"Good video, THANKS",0
2024-11-21T13:13:49Z,2024-11-21T02:26:01Z,8YqrkAMFlgo,"Technical Analysis: $AAPL, $ASTS, $DDOG, $CLOV, $ENPH, $HIMS",UgwvrHvcWjx7i9LvdaN4AaABAg,@reeseLol,Thank you!,1
2024-11-21T02:31:58Z,2024-11-21T02:26:01Z,8YqrkAMFlgo,"Technical Analysis: $AAPL, $ASTS, $DDOG, $CLOV, $ENPH, $HIMS",UgwMAPboSCpsA7VpcSB4AaABAg,@NoRandomTrades,0:00 INTRO 0:33 AAPL 3:22 ASTS 6:05 CLOV 10:17 DDOG 14:33 ENPH 20:18 HIMS,0
2024-09-27T01:13:33Z,2024-09-26T23:59:34Z,LYyTB9h5rg8,"Technical Analysis: $AFRM, $AMD, $BTC, $CLOV, $DELL, $DIS, $GOOG, $HIMS, $KSS, $MARA, $SMCI",UgzoAJlsHStKA1i5GKZ4AaABAg,@reeseLol,Thank you for analysis on Hims! Great work.,1
2024-09-27T00:39:10Z,2024-09-26T23:59:34Z,LYyTB9h5rg8,"Technical Analysis: $AFRM, $AMD, $BTC, $CLOV, $DELL, $DIS, $GOOG, $HIMS, $KSS, $MARA, $SMCI",UgwZ9msGJP8nwoaXIE94AaABAg,@NoRandomTrades,Time Stamps 0:00 INTRO 0:36 AFRM 2:57 AMD 5:19 BTC 5:17 BTC 7:06 CLOV 10:00 DELL 12:05 DIS 14:12 GOOG 17:10 HIMS 21:20 KSS 23:21 MARA 25:54 SMCI,0
2025-01-08T22:22:48Z,2025-01-08T22:13:36Z,iJwxxy2WqLU,"TARGET SHORT SELLERS &quot;$CLOV, 5$+ IS COMING&quot; 01/08/2025",Ugxgm95cRwJ_bXXWk3R4AaABAg,@NetoxXsurf,Where are u comfortable reloading MVST?,1
2024-10-23T02:02:16Z,2024-10-23T01:12:28Z,AxDny_Bougg,Technical Analysis $AFRM $AMZN $ASTS $BTC $CART $CLOV $CSCO $ENPH $GOOG $HIMS $HOOD $MSFT $RIOT SBUX,UgwKyf6mwFT4CGpiNfx4AaABAg,@reeseLol,Thank you for the video! :),1
2025-02-16T01:18:44Z,2025-01-26T13:00:58Z,mVsa7zTbhvE,Clover Health (CLOV) Stock Analysis: 38% Growth in Medicare Advantage &amp; 2025 Outlook,UgzuZbFnIEn1iAUuGAF4AaABAg,@justinjones9369,Been in clov since 2021. I feel like not enough people have covered this company. Thank yall for the insight.,3
2025-02-21T11:00:20Z,2025-01-26T13:00:58Z,mVsa7zTbhvE,Clover Health (CLOV) Stock Analysis: 38% Growth in Medicare Advantage &amp; 2025 Outlook,UgwRrC1xHt9WpjN4eq54AaABAg,@Yanksjj66,"Clover Health has turned the corner. The fundamentals of the company are solid . It‚Äôs not just a MA company. They have partnerships with Clover Assistant and the big $ will be in the SAAS revenue. It‚Äôs still early in the game. They were smart to turn off growth back in 2022 when interest rates shot up. They concentrated on their MA 4 star rating, and kept costs aligned . And they only have 10% share in the New Jersey market.",2
2025-05-21T18:24:13Z,2025-01-26T13:00:58Z,mVsa7zTbhvE,Clover Health (CLOV) Stock Analysis: 38% Growth in Medicare Advantage &amp; 2025 Outlook,UgzhgD6x958OAknT86x4AaABAg,@ryaninSartell,Clover has turned cash flow positive.,0
2024-10-06T20:45:37Z,2024-10-06T21:37:31Z,SrLuqGaQa50,CLOV Stock (Clover stock) CLOV STOCK PREDICTIONS! CLOV STOCK Analysis clov stock news today $clov,UgzMFDZl2jSNTzAGUq14AaABAg,@mrsickotrading,"Want to make MORE PROFITS without fear, anxiety & FOMO while trading? (Free Course) üëâ https://mrsicko.gumroad.com/l/trademastery101 Also, you will need a charting platform, I recommend Tradingview (The fastest way to follow markets, free) üëâ https://www.tradingview.com/?aff_id=26879 (this is an affiliate link, but it is the only way to get you a $15 off, +2 months, yearly discount if interested) Join 2,103+ Readers - Learn to Trade without fear in 5mins per Week (Free) https://mrsicko.substack.com/?showWelcome=true",0
2024-10-19T03:19:57Z,2024-10-19T00:18:20Z,f3YWP2IFDuQ,"Technical Analysis: $AAPL, $AFRM, $AMD, $ASTS, $BABA, $BTC, $CELH, $CLOV, $COIN, $HIMS",UgzweShjLiFSK_94CLp4AaABAg,@reeseLol,Thanks for the post! Go HIMS. Glad to see you back :),2
2024-10-19T00:50:04Z,2024-10-19T00:18:20Z,f3YWP2IFDuQ,"Technical Analysis: $AAPL, $AFRM, $AMD, $ASTS, $BABA, $BTC, $CELH, $CLOV, $COIN, $HIMS",UgwZNUomJsLqCtD9_qZ4AaABAg,@NoRandomTrades,Time Stamps 0:00 INTRO 2:30 AAPL 6:50 AFRM 9:59 AMD 13:54 ASTS 19:33 BABA 22:11 BTC 25:21 CELH 28:53 CLOV 32:15 COIN 35:12 HIMS,0
2024-10-08T23:13:36Z,2024-10-08T23:06:40Z,pnGFOd-vRwM,"Technical Analysis: $AFRM, $AVGO, $CLOV, $CRWD, $GOOG, $HD, $HIMS, $MSFT, $NQ, $NVDA, $RBLX, $SMH",UgyzXYCyak7--XkhHn94AaABAg,@NoRandomTrades,Time Stamps 0:00 INTRO 0:40 AFRM 3:17 AVGO 4:53 BABA 8:19 CLOV 10:15 CRWD 12:00 GOOG 14:38 HD 17:30 HIMS 20:15 MSFT 23:19 NQ 25:15 NVDA 26:29 RBLX 27:24 SMH,0
2024-09-02T05:46:43Z,2024-09-01T22:13:25Z,_hsjuAGjVZs,"Michael Debreda &quot;Apr√®s $CLOV, je vous donne $EOSE&quot; 02/09/2024",UgxZ0ZGNumdhAw0vQNB4AaABAg,@saidba371,Baraka Allahou fik,1
2024-09-02T07:32:28Z,2024-09-01T22:13:25Z,_hsjuAGjVZs,"Michael Debreda &quot;Apr√®s $CLOV, je vous donne $EOSE&quot; 02/09/2024",Ugwgob_rmDfXf5y7m4p4AaABAg,@yussbj4936,"Pas dispo sur mon broker malheureusement.. Petite question en passant,  est-ce que ton avis sur Christine Vuillemin depuis ton dernier audio sur Gregory a chang√© ?",0
2024-09-02T06:35:34Z,2024-09-01T22:13:25Z,_hsjuAGjVZs,"Michael Debreda &quot;Apr√®s $CLOV, je vous donne $EOSE&quot; 02/09/2024",UgzkWggBbNuG7rGFuht4AaABAg,@zouzitta9996,"Salam, tu penses quoi des cryptos ?",1
2024-09-07T11:24:40Z,2024-09-01T22:13:25Z,_hsjuAGjVZs,"Michael Debreda &quot;Apr√®s $CLOV, je vous donne $EOSE&quot; 02/09/2024",UgxDv8LVUnjx_d0Si4V4AaABAg,@jalel4170,A combien de temps est estim√© la detention de l action?,0
2024-09-02T10:29:17Z,2024-09-01T22:13:25Z,_hsjuAGjVZs,"Michael Debreda &quot;Apr√®s $CLOV, je vous donne $EOSE&quot; 02/09/2024",UgwnX6FoKgnuW88DcxJ4AaABAg,@defjam1137,Jte jure Michael la plupart des gens ce qui les bloque cest ne pas savoir ouvrir un compte crypto tu crois que cest un details mais non c la base explique leur jlais fais avec la famille de ma femme il ont hallucine de la simplicit√© . Fait une video explicative tu va aid√© bcp de monde ...,2
2024-09-03T08:30:20Z,2024-09-01T22:13:25Z,_hsjuAGjVZs,"Michael Debreda &quot;Apr√®s $CLOV, je vous donne $EOSE&quot; 02/09/2024",UgzXy9mIiFAdvIUfwNd4AaABAg,@Freekab,Faire croire au gens modeste et risquer leurs √©conomies qu il vont gagner avec le treding c est pas tr√®s √©thique du point de vue islamique,2
2024-09-01T23:57:23Z,2024-09-01T22:13:25Z,_hsjuAGjVZs,"Michael Debreda &quot;Apr√®s $CLOV, je vous donne $EOSE&quot; 02/09/2024",UgxzZmR1zv8e_nvf9P54AaABAg,@KarimAli-e4c,üëç,0
2024-09-01T22:37:52Z,2024-09-01T22:13:25Z,_hsjuAGjVZs,"Michael Debreda &quot;Apr√®s $CLOV, je vous donne $EOSE&quot; 02/09/2024",UgzljGPSu98oABwkMD54AaABAg,@moussatoure1877,Bonsoir bonsoir,0
2024-09-02T13:28:22Z,2024-09-01T22:13:25Z,_hsjuAGjVZs,"Michael Debreda &quot;Apr√®s $CLOV, je vous donne $EOSE&quot; 02/09/2024",UgwD10mR6Z-a2GbV3qF4AaABAg,@alidigitali9091,"42:14  pour les musulmans qui s'√©tonnent de le voir devenu ""trader""",0
2025-05-20T14:54:54Z,2025-05-19T16:01:03Z,ZpyBEgFZBok,These 3 Stocks Just Turned Cash Flow Positive! üöÄ ($ASAN $CLOV $DKNG),UgyWm4c4yxV3PdLxmq94AaABAg,@SRee-t5c,Great video ! What‚Äôs your price target for clover health ? I‚Äôm not selling a single stock before 30,0
2024-09-08T21:00:12Z,2024-09-04T20:02:17Z,buAN1TE8b60,CLOV Stock (Clover stock) CLOV STOCK PREDICTIONS! CLOV STOCK Analysis clov stock news today $clov,UgzbZMaPxahiYdVUYKt4AaABAg,@craigyoung2688,Clov is way undervalued. I see $5 by end of year.,0
2024-09-04T19:47:55Z,2024-09-04T20:02:17Z,buAN1TE8b60,CLOV Stock (Clover stock) CLOV STOCK PREDICTIONS! CLOV STOCK Analysis clov stock news today $clov,Ugxw72mvoDFZtw_2wkd4AaABAg,@mrsickotrading,"Want to make MORE PROFITS without fear, anxiety & FOMO while trading? (Free Course) üëâ https://mrsicko.gumroad.com/l/trademastery101 Want to Get Your Life And Trading Organized? (Limited Offer Before September 15th)  üëâ https://mrsicko.gumroad.com/l/free/ds0s6pa Also, you will need a charting platform, I Use and recommend Tradingview (The fastest way to follow markets, Free) üëâ https://www.tradingview.com/chart?aff_id=26879 (this is an affiliate link, but it is the only way to get you a $15 off, +2 months, yearly discount if interested in the paid plan)",0
2024-08-22T22:42:27Z,2024-08-22T22:55:28Z,em-26hgYwYs,CLOV Stock (Clover stock) CLOV STOCK PREDICTIONS! CLOV STOCK Analysis clov stock news today $clov,UgxKLPNh3qVHt3P_6KJ4AaABAg,@mrsickotrading,"Want to make MORE PROFITS without fear, anxiety & FOMO while trading? (Free Course) üëâ https://mrsicko.gumroad.com/l/trademastery101 Also, you will need a charting platform, I recommend Tradingview (The fastest way to follow markets, free) üëâ https://www.tradingview.com/chart?aff_id=26879 (this is an affiliate link, but it is the only way to get you a $15 off, +2 months, yearly discount if interested)",0
2024-09-06T01:42:25Z,2024-09-06T01:39:09Z,5SLw417Wxq0,"Technical Analysis: $AFRM, $AMZN, $AVGO, $BBY, $BTC, $CLOV, $CSCO, $JPM, $PYPL, $SMCI, $TSLA, $XLF",UgzCDi-dbFNfSXjBnmJ4AaABAg,@NoRandomTrades,Time Stamps 0:00 INTRO  0:48 AFRM 3:25 AMZN 5:57 AVGO 7:58 BBY 11:20 BTC 12:34 CLOV 15:48 CSCO 19:28 JPM 21:46 PYPL 24:19 SMCI 26:32 TSLA,0
2024-07-29T21:35:40Z,2024-07-29T21:57:28Z,QRrSRUhcbOM,CLOV Stock (Clover stock) CLOV STOCK PREDICTIONS! CLOV STOCK Analysis clov stock news today $clov.,UgwV9kEZ9TK73a66YZ54AaABAg,@mrsickotrading,"Want to make MORE PROFITS without fear, anxiety & FOMO while trading? (Free Course Bundle) üëâ https://mrsicko.gumroad.com/l/trademastery101 Want the Fastest way to Follow the Markets? (Free) üëâ https://www.tradingview.com/chart/?symbol=NYSE%3ANIO&aff_id=26879   (this is an affiliate link, but it is the only way to get you a $15 off, +2 months, yearly discount if interested)",0
2024-08-17T20:13:57Z,2024-08-17T20:38:48Z,7mrGYO6fHso,CLOV Stock (Clover stock) CLOV STOCK PREDICTIONS! CLOV STOCK Analysis clov stock news today $clov.,UgwIjIO_gPED5vtXLfh4AaABAg,@mrsickotrading,"Want to make MORE PROFITS without fear, anxiety & FOMO while trading? (Free Course) üëâ https://mrsicko.gumroad.com/l/trademastery101 Also, you will need a charting platform, I recommend Tradingview (The fastest way to follow markets, free) üëâ https://www.tradingview.com/chart?aff_id=26879 (this is an affiliate link, but it is the only way to get you a $15 off, +2 months, yearly discount if interested)",0
2024-07-30T19:59:46Z,2024-07-18T23:23:05Z,_qbv7qVyGTI,"TARGET SHORT SELLERS &quot;$CLOV, WE NEED RSI TO COOL OFF&quot; 07/19/2024",UgxmN5DdiltlKqpA3d14AaABAg,@AEPiTulane,Did you ever load back up? I need it to go down to get more,0
2025-01-21T23:42:23Z,2025-01-22T00:50:20Z,p7F4uu4ITq8,CLOV Stock (Clover Health Investments stock) CLOV STOCK analysis with the CLOV STOCK PREDICTION,UgzGzaGWQ5xObUj_xxp4AaABAg,@mrsickotrading,"I Show 2,497+ Traders how to make more money in a simple way (Free Tips): https://mrsicko.substack.com/?showWelcome=true Want my Simple 3 step TM 101 Strategy + TraderBrain + Discord private AMA with me?  (FLASH SALE, 14/15 spots taken) https://mrsicko.gumroad.com/l/trademastery101 Also, you will need a charting platform, I recommend Tradingview (The fastest way to follow markets, what I use): https://www.tradingview.com/?aff_id=26879 (this is an affiliate link, but it is the only way to get you a $15 off, +2 months, yearly discount if interested)",0
2024-08-21T22:57:33Z,2024-08-21T23:46:07Z,psguT-WS8_I,CLOV Stock THURSDAY ALERT! (update - buy?) CLOV stock trading brokers review,UgwdKVUxNqjjmgmp7TR4AaABAg,@mrsickotrading,"Want to make MORE PROFITS without fear, anxiety & FOMO while trading? (Free Course) üëâ https://mrsicko.gumroad.com/l/trademastery101 Also, you will need a charting platform, I recommend Tradingview (The fastest way to follow markets, free) üëâ https://www.tradingview.com/chart?aff_id=26879 (this is an affiliate link, but it is the only way to get you a $15 off, +2 months, yearly discount if interested)",0
2024-09-15T21:10:06Z,2024-09-15T21:08:40Z,_zWJS0vhMDw,Technical Analysis: $AAPL $AGL $AMZN $ASTS $BTC $CAVA $CLOV $GOOG $JPM $MU $NEE $TSLA $XLF,UgxAkLYXvRodB_HaG-B4AaABAg,@NoRandomTrades,Time Stamps 0:00 INTRO 0:33 AAPL 3:46 AGL 5:38 AMZN 8:34 ASTS 10:22 BTC 12:18 CAVA 15:48 CLOV 20:01 GOOG 22:19 JPM 26:09 MU 27:33 NEE 28:04 TSLA 30:58 XLF,0
2024-09-15T23:52:51Z,2024-09-15T21:08:40Z,_zWJS0vhMDw,Technical Analysis: $AAPL $AGL $AMZN $ASTS $BTC $CAVA $CLOV $GOOG $JPM $MU $NEE $TSLA $XLF,Ugwpx2LLelwt_Xm6kB94AaABAg,@reeseLol,Hims?,0
2024-08-16T17:36:20Z,2024-08-16T17:55:42Z,9bTYGh7yPho,CLOV Stock (Clover stock) CLOV STOCK PREDICTIONS! CLOV STOCK Analysis clov stock news today $clov.,Ugybo6tz4qC5Aswlmtx4AaABAg,@mrsickotrading,"Want to make MORE PROFITS without fear, anxiety & FOMO while trading? (Free Course) üëâ https://mrsicko.gumroad.com/l/trademastery101 Also, you will need a charting platform, I recommend Tradingview (The fastest way to follow markets, free) üëâ https://www.tradingview.com/chart?aff_id=26879 (this is an affiliate link, but it is the only way to get you a $15 off, +2 months, yearly discount if interested)",0
2024-08-17T08:23:25Z,2024-08-16T17:55:42Z,9bTYGh7yPho,CLOV Stock (Clover stock) CLOV STOCK PREDICTIONS! CLOV STOCK Analysis clov stock news today $clov.,UgwROVdlRzn1W-tdJSR4AaABAg,@wanbart9476,Clover üöÄüöÄ,0
2024-12-06T11:55:17Z,2024-12-06T11:48:15Z,UFYFo0l5taY,"TARGET SHORT SELLERS &quot;$AMPX MY NEXT PICK + NEWS ON $MVST, $CLOV, $EOSE, $GRRR...&quot; 12/6",UgzFlkXyPfNw1i3wDdN4AaABAg,@TSSINVEST,TO SUPPORT US BY PAYPAL https://paypal.me/michaelabourayan?locale.x=fr_FR,0
2024-12-06T17:39:58Z,2024-12-06T11:48:15Z,UFYFo0l5taY,"TARGET SHORT SELLERS &quot;$AMPX MY NEXT PICK + NEWS ON $MVST, $CLOV, $EOSE, $GRRR...&quot; 12/6",UgxAxMWWIfuXGDKCOzx4AaABAg,@DobbieDize,"Time to buy again at $1,2",1
2024-12-06T12:21:10Z,2024-12-06T11:48:15Z,UFYFo0l5taY,"TARGET SHORT SELLERS &quot;$AMPX MY NEXT PICK + NEWS ON $MVST, $CLOV, $EOSE, $GRRR...&quot; 12/6",UgyQkJPzTyJTmlJFSY54AaABAg,@mgzzgm,Long AMPX,0
2024-09-04T19:49:45Z,2024-09-04T20:40:19Z,eP-uTXRNp-M,CLOV Stock THURSDAY ALERT! (crazy!) CLOV stock trading best family law attorney,UgwG9-ULupG13lczAK14AaABAg,@mrsickotrading,"Want to make MORE PROFITS without fear, anxiety & FOMO while trading? (Free Course) üëâ https://mrsicko.gumroad.com/l/trademastery101 Want to Get Your Life And Trading Organized? (Limited Offer Before September 15th)  üëâ https://mrsicko.gumroad.com/l/free/ds0s6pa Also, you will need a charting platform, I Use and recommend Tradingview (The fastest way to follow markets, Free) üëâ https://www.tradingview.com/chart?aff_id=26879 (this is an affiliate link, but it is the only way to get you a $15 off, +2 months, yearly discount if interested in the paid plan)",0
2024-10-23T21:30:00Z,2024-10-23T21:12:59Z,HRVd2r5nhi0,"Technical Analysis: $AAPL, $AFRM, $AMD, $AMZN, $BTC, $CLOV, $HIMS, $META, $MSFT, $SPY, $TSLA",UgzhomSZAR_q5VK5QHp4AaABAg,@NoRandomTrades,Time Stamps 0:00 INTRO 0:28 AAPL 3:34 AFRM 5:23 AMD 7:25 AMZN 9:09 BTC 12:45 CLOV 15:34 HIMS 21:18 META 24:00 MSFT 25:38 SPY 28:19 TSLA,0
2024-10-24T00:44:55Z,2024-10-23T21:12:59Z,HRVd2r5nhi0,"Technical Analysis: $AAPL, $AFRM, $AMD, $AMZN, $BTC, $CLOV, $HIMS, $META, $MSFT, $SPY, $TSLA",Ugx6S3sD7Far6r8Vpvd4AaABAg,@reeseLol,Tough day for HIMS - i believe it‚Äôs a strong overreaction so I bought 300 shares. Total position is 2500 shares now. Hoping we pop back up over 21.70 resistance and hold‚Ä¶ I think earnings will be a strong beat and send the stock up.,1
2024-08-20T21:59:28Z,2024-08-20T22:12:31Z,sNgSkL3L2rg,CLOV Stock (Clover stock) CLOV STOCK PREDICTIONS! CLOV STOCK Analysis clov stock news today $clov,UgwEVvEFDIibuyOwj9R4AaABAg,@mrsickotrading,"Want to make MORE PROFITS without fear, anxiety & FOMO while trading? (Free Course) üëâ https://mrsicko.gumroad.com/l/trademastery101 Also, you will need a charting platform, I recommend Tradingview (The fastest way to follow markets, free) üëâ https://www.tradingview.com/chart?aff_id=26879 (this is an affiliate link, but it is the only way to get you a $15 off, +2 months, yearly discount if interested)",0
2024-08-15T20:08:58Z,2024-08-15T20:21:08Z,tOl89FSzAJQ,CLOV Stock (Clover stock) CLOV STOCK PREDICTIONS! CLOV STOCK Analysis clov stock news today $clov.,UgzYn63101I-dASQM254AaABAg,@mrsickotrading,"Want to make MORE PROFITS without fear, anxiety & FOMO while trading? (Free Course) üëâ https://mrsicko.gumroad.com/l/trademastery101 Also, you will need a charting platform, I recommend Tradingview (The fastest way to follow markets, free) üëâ https://www.tradingview.com/chart?aff_id=26879 (this is an affiliate link, but it is the only way to get you a $15 off, +2 months, yearly discount if interested)",0
2024-10-04T21:04:17Z,2024-10-04T21:12:39Z,gQuA9_pg6Jc,CLOV Stock NEXT MONDAY Alert! (buying?) CLOV stock car wreck lawyer to accident lawyers,UgxfHFzLcdYXg1RGRXB4AaABAg,@mrsickotrading,"Want to make MORE PROFITS without fear, anxiety & FOMO while trading? (Free Course) üëâ https://mrsicko.gumroad.com/l/trademastery101 Also, you will need a charting platform, I recommend Tradingview (The fastest way to follow markets, free) üëâ https://www.tradingview.com/chart?aff_id=26879 (this is an affiliate link, but it is the only way to get you a $15 off, +2 months, yearly discount if interested) Join 2,103+ Readers - Learn to Trade without fear in 5mins per Week (Free) https://mrsicko.substack.com/?showWelcome=true",0
2024-10-05T02:45:47Z,2024-10-04T21:12:39Z,gQuA9_pg6Jc,CLOV Stock NEXT MONDAY Alert! (buying?) CLOV stock car wreck lawyer to accident lawyers,Ugw5dFuWwiHWk1LAbSt4AaABAg,@MrCudiBuddy,Weak vid,0
2024-10-09T21:16:29Z,2024-10-09T21:51:51Z,yDOMkcJKdGQ,CLOV Stock THURSDAY NEWS! (update) CLOV stock ic markets review,Ugysu8ilTZRRWFEYItN4AaABAg,@mrsickotrading,"Want to make MORE PROFITS without fear, anxiety & FOMO while trading? (Free Course) üëâ https://mrsicko.gumroad.com/l/trademastery101 Also, you will need a charting platform, I recommend Tradingview (The fastest way to follow markets, free) üëâ https://www.tradingview.com/?aff_id=26879 (this is an affiliate link, but it is the only way to get you a $15 off, +2 months, yearly discount if interested) Join 2,103+ Readers - Learn to Trade without fear in 5mins per Week (Free) https://mrsicko.substack.com/?showWelcome=true",0
2024-08-07T01:13:44Z,2024-08-06T21:44:33Z,FW-mw0HFB7Q,TARGET SHORT SELLERS &quot;LET&#39;S RIDE TO 6$ IN 2025 $CLOV&quot; 06/08/2024,Ugza2hfDTj86s9wsPjx4AaABAg,@gruntman315,Thanks for the video!,0
2024-08-07T13:06:54Z,2024-08-06T21:44:33Z,FW-mw0HFB7Q,TARGET SHORT SELLERS &quot;LET&#39;S RIDE TO 6$ IN 2025 $CLOV&quot; 06/08/2024,Ugw1D984oLJK60JMPWt4AaABAg,@Reveal32,"Definitely, I've no doubt the bigger funds are hedging, but we need to close our every short as we go...$2, $2.50, $3, etc. I do think WSB are suddenly interested again as well.",0
2024-10-02T20:42:25Z,2024-10-02T21:03:35Z,WfJJ17O94sU,CLOV Stock (Clover stock) CLOV STOCK PREDICTIONS! CLOV STOCK Analysis clov stock news today $clov.,UgxwQIwnORRYrp0QuS14AaABAg,@mrsickotrading,"Want to Make More Profits By Taking Less Trades, Without Fear? (Free): https://mrsicko.gumroad.com/l/trademastery101 Want Your Life & Trading Organized? Go here: https://mrsicko.gumroad.com/l/free/ds0s6pa Want a Charting Software? Go here (Free): https://www.tradingview.com/chart?aff_id=26879 Join 2,103+ Readers - Learn to Trade without fear in 5mins per Week (Free) https://mrsicko.substack.com/?showWelcome=true",0
2024-10-03T00:31:06Z,2024-10-02T21:03:35Z,WfJJ17O94sU,CLOV Stock (Clover stock) CLOV STOCK PREDICTIONS! CLOV STOCK Analysis clov stock news today $clov.,UgwqOnrSbuA8mPjCKdx4AaABAg,@ship2000,There will be a pullback tomorrow,1
2024-08-23T21:43:54Z,2024-08-23T22:22:12Z,4Gl8Qtqnato,CLOV IS CRAZY! (next week targets) CLOV,UgwakDGXbzR16giDXDp4AaABAg,@mrsickotrading,"Want to make MORE PROFITS without fear, anxiety & FOMO while trading? (Free Course) üëâ https://mrsicko.gumroad.com/l/trademastery101 Also, you will need a charting platform, I recommend Tradingview (The fastest way to follow markets, free) üëâ https://www.tradingview.com/chart?aff_id=26879 (this is an affiliate link, but it is the only way to get you a $15 off, +2 months, yearly discount if interested)",0
2024-11-20T02:55:18Z,2024-11-20T02:43:04Z,xNk_9cj34ts,"Technical Analysis: $AFRM, $AMD, $AMZN, $ASTS, $CLOV, $CRWD, $CSCO, $DDOG, $GOOG, $HIMS, $MSFT $TSLA",UgwKRk5AnWqfFbPgTXp4AaABAg,@reeseLol,Thank you for another great post! I truly do look forward to watching your videos everyday :),1
2024-10-06T20:35:30Z,2024-10-06T21:15:21Z,gjvqWNFzPQY,CLOV Stock MONDAY ALERT! (buying?) CLOV stock trading broker review,UgyhAAx146N7_uBT5Bp4AaABAg,@mrsickotrading,"Want to make MORE PROFITS without fear, anxiety & FOMO while trading? (Free Course) üëâ https://mrsicko.gumroad.com/l/trademastery101 Also, you will need a charting platform, I recommend Tradingview (The fastest way to follow markets, free) üëâ https://www.tradingview.com/?aff_id=26879 (this is an affiliate link, but it is the only way to get you a $15 off, +2 months, yearly discount if interested) Join 2,103+ Readers - Learn to Trade without fear in 5mins per Week (Free) https://mrsicko.substack.com/?showWelcome=true",0
2024-08-14T20:45:40Z,2024-08-14T21:23:12Z,IESz45rdy_o,CLOV Stock (Clover stock) CLOV STOCK PREDICTIONS! CLOV STOCK Analysis clov stock news today $clov.,UgwZOGjHZYpW2FGqKdN4AaABAg,@mrsickotrading,"Want to make MORE PROFITS without fear, anxiety & FOMO while trading? (Free Course) üëâ https://mrsicko.gumroad.com/l/trademastery101 Also, you will need a charting platform, I recommend Tradingview (The fastest way to follow markets, free) üëâ https://www.tradingview.com/chart?aff_id=26879 (this is an affiliate link, but it is the only way to get you a $15 off, +2 months, yearly discount if interested)",0
2025-01-06T17:27:50Z,2025-01-06T17:06:49Z,5Q70HPk0O_4,Why I Believe Clover Health CLOV Investors Are in the Disbelief Stage of the Stock Market Rally,UgyT9icz-bHaTUPxRYN4AaABAg,@Michael-p1d,Love your analogies,0
2025-01-06T16:02:28Z,2025-01-06T17:06:49Z,5Q70HPk0O_4,Why I Believe Clover Health CLOV Investors Are in the Disbelief Stage of the Stock Market Rally,UgyRxLKNMbrAEvehlet4AaABAg,@doctorshroom8284,What's the expiry date on that New Years sale?,0
2025-01-07T01:53:38Z,2025-01-06T17:06:49Z,5Q70HPk0O_4,Why I Believe Clover Health CLOV Investors Are in the Disbelief Stage of the Stock Market Rally,Ugxh4JoAeJX8hxjk_5B4AaABAg,@tnmakingitrain5629,The Buy Back Higher Club.,0
2025-01-06T11:19:03Z,2025-01-06T17:06:49Z,5Q70HPk0O_4,Why I Believe Clover Health CLOV Investors Are in the Disbelief Stage of the Stock Market Rally,Ugwz42g_OzYxX_LtcXx4AaABAg,@Potential_to_Splatter,"Is there a chillin‚Äô stage?  I‚Äôm in the chillin‚Äô stage.  I try to add to my position when I can, but not much cash on hand.  $0.60 was stupid.  $300 million market cap when they had over $400 mill cash on hand.  I opened another account in the 60 cent range and averaged it up to $1.20.",0
2024-08-20T22:01:37Z,2024-08-20T22:32:42Z,_M_knmHoQEo,CLOV Stock TOMORROW HURRY! (update) CLOV,Ugyy1o6N39hWcMvOe8J4AaABAg,@mrsickotrading,"Want to make MORE PROFITS without fear, anxiety & FOMO while trading? (Free Course) üëâ https://mrsicko.gumroad.com/l/trademastery101 Also, you will need a charting platform, I recommend Tradingview (The fastest way to follow markets, free) üëâ https://www.tradingview.com/chart?aff_id=26879 (this is an affiliate link, but it is the only way to get you a $15 off, +2 months, yearly discount if interested)",0
2024-08-18T05:30:38Z,2024-08-17T12:09:09Z,8GwRHgmcROI,"TARGET SHORT SELLERS &quot;$CLOV, BEWARE PANIC BUYING IS COMING..&quot; 08/17/2024",UgwHcMipThIsepXz1a94AaABAg,@ALSTOCKTRADES,"Once the dust settles and Clover arrives at its intrinsic value, it‚Äôll be an honor to have you join our platform. We have a lot of smart folks who are technicians doing the same thing you are.",4
2024-08-18T05:14:20Z,2024-08-17T12:09:09Z,8GwRHgmcROI,"TARGET SHORT SELLERS &quot;$CLOV, BEWARE PANIC BUYING IS COMING..&quot; 08/17/2024",Ugzmd_hjcos84gcUap14AaABAg,@ALSTOCKTRADES,STRONG WORK!,3
2024-08-17T13:05:32Z,2024-08-17T12:09:09Z,8GwRHgmcROI,"TARGET SHORT SELLERS &quot;$CLOV, BEWARE PANIC BUYING IS COMING..&quot; 08/17/2024",Ugw7-YvxOn0hgQE476Z4AaABAg,@kmkmkml3027,Im so excited I feel High!,1
2024-08-17T14:23:21Z,2024-08-17T12:09:09Z,8GwRHgmcROI,"TARGET SHORT SELLERS &quot;$CLOV, BEWARE PANIC BUYING IS COMING..&quot; 08/17/2024",Ugynza_fy0CKh9Bv2qp4AaABAg,@demri123,67 is possible. Look at Carvana,2
2024-08-17T15:44:32Z,2024-08-17T12:09:09Z,8GwRHgmcROI,"TARGET SHORT SELLERS &quot;$CLOV, BEWARE PANIC BUYING IS COMING..&quot; 08/17/2024",UgyfmFx_74gCCEUOWnF4AaABAg,@estyx64,Citadel picked up many shares here,0
2024-08-19T13:27:41Z,2024-08-17T12:09:09Z,8GwRHgmcROI,"TARGET SHORT SELLERS &quot;$CLOV, BEWARE PANIC BUYING IS COMING..&quot; 08/17/2024",Ugy7TmW2ZlImj0eSuaR4AaABAg,@qkingoftears,this guy came back from the dead once clov started going back up. dude disappeared for yrs though when clov went from 10$ to .60 lop,0
2024-08-17T14:55:27Z,2024-08-17T12:09:09Z,8GwRHgmcROI,"TARGET SHORT SELLERS &quot;$CLOV, BEWARE PANIC BUYING IS COMING..&quot; 08/17/2024",Ugxd7TyqvtdHo3j8TfZ4AaABAg,@Rockthroingmonk,"It might be $125  by 2026 , anything is possible.",0
2024-10-04T21:06:40Z,2024-10-04T21:40:05Z,YKzyEX6vzas,CLOV Stock (Clover stock) CLOV STOCK PREDICTIONS! CLOV STOCK Analysis clov stock news today $clov.,UgzSC4eICGnHX1w78XJ4AaABAg,@mrsickotrading,"Want to make MORE PROFITS without fear, anxiety & FOMO while trading? (Free Course) üëâ https://mrsicko.gumroad.com/l/trademastery101 Also, you will need a charting platform, I recommend Tradingview (The fastest way to follow markets, free) üëâ https://www.tradingview.com/chart?aff_id=26879 (this is an affiliate link, but it is the only way to get you a $15 off, +2 months, yearly discount if interested) Join 2,103+ Readers - Learn to Trade without fear in 5mins per Week (Free) https://mrsicko.substack.com/?showWelcome=true",0
2024-10-17T16:13:35Z,2024-10-04T21:40:05Z,YKzyEX6vzas,CLOV Stock (Clover stock) CLOV STOCK PREDICTIONS! CLOV STOCK Analysis clov stock news today $clov.,UgwOoTqYCsit73Oo5u54AaABAg,@ryaninSartell,Fundamentals. Fundamentals. Fundamentals,0
2024-08-18T17:20:38Z,2024-08-18T17:47:21Z,q4-AnSZ2v04,CLOV Stock (Clover stock) CLOV STOCK PREDICTIONS! CLOV STOCK Analysis clov stock news today $clov.,UgxcAyhLKGnwKrWPJox4AaABAg,@mrsickotrading,"Want to make MORE PROFITS without fear, anxiety & FOMO while trading? (Free Course) üëâ https://mrsicko.gumroad.com/l/trademastery101 Also, you will need a charting platform, I recommend Tradingview (The fastest way to follow markets, free) üëâ https://www.tradingview.com/chart?aff_id=26879 (this is an affiliate link, but it is the only way to get you a $15 off, +2 months, yearly discount if interested)",0
2024-08-19T20:37:04Z,2024-08-18T17:47:21Z,q4-AnSZ2v04,CLOV Stock (Clover stock) CLOV STOCK PREDICTIONS! CLOV STOCK Analysis clov stock news today $clov.,Ugx1cqhFqANXrrRXf3h4AaABAg,@leroypoggu,Bang on,0
2024-08-21T22:55:22Z,2024-08-21T23:05:23Z,65escQJtwGk,CLOV Stock (Clover stock) CLOV STOCK PREDICTIONS! CLOV STOCK Analysis clov stock news today $clov.,UgyIjSP7DQIeTWm-K4B4AaABAg,@mrsickotrading,"Want to make MORE PROFITS without fear, anxiety & FOMO while trading? (Free Course) üëâ https://mrsicko.gumroad.com/l/trademastery101 Also, you will need a charting platform, I recommend Tradingview (The fastest way to follow markets, free) üëâ https://www.tradingview.com/chart?aff_id=26879 (this is an affiliate link, but it is the only way to get you a $15 off, +2 months, yearly discount if interested)",0
2024-08-23T21:41:49Z,2024-08-23T21:55:32Z,jwSsreS9kxw,CLOV Stock (Clover stock) CLOV STOCK PREDICTIONS! CLOV STOCK Analysis clov stock news today $clov.,UgwunjAiVcgnnKynQLF4AaABAg,@mrsickotrading,"Want to make MORE PROFITS without fear, anxiety & FOMO while trading? (Free Course) üëâ https://mrsicko.gumroad.com/l/trademastery101 Also, you will need a charting platform, I recommend Tradingview (The fastest way to follow markets, free) üëâ https://www.tradingview.com/chart?aff_id=26879 (this is an affiliate link, but it is the only way to get you a $15 off, +2 months, yearly discount if interested)",0
2024-08-26T18:18:01Z,2024-08-23T21:55:32Z,jwSsreS9kxw,CLOV Stock (Clover stock) CLOV STOCK PREDICTIONS! CLOV STOCK Analysis clov stock news today $clov.,UgwxFFK7MLFSsXcAIXB4AaABAg,@InvestWithBry,Just did exactly what you called great play,0
2024-09-12T06:20:18Z,2024-09-12T00:41:59Z,LYMfPcxAiEs,"TARGET SHORT SELLERS &quot;New Short overview on $PSNY, $CLOV, $EOSE, $ENVX, $OPEN&quot; 09/12/2024",Ugz5Wf-6CcxmJxwO0Hd4AaABAg,@azozazoz4117,Thanks man for the effort. Keep it up don't stop.,3
2024-09-13T14:24:34Z,2024-09-12T00:41:59Z,LYMfPcxAiEs,"TARGET SHORT SELLERS &quot;New Short overview on $PSNY, $CLOV, $EOSE, $ENVX, $OPEN&quot; 09/12/2024",Ugy9bHu_ZjWMc0N5zkF4AaABAg,@triplefat584,"Great info, thank you!!",0
2024-09-12T03:27:07Z,2024-09-12T00:41:59Z,LYMfPcxAiEs,"TARGET SHORT SELLERS &quot;New Short overview on $PSNY, $CLOV, $EOSE, $ENVX, $OPEN&quot; 09/12/2024",UgzmLCxt95wNibA8ymd4AaABAg,@roadsidetrader,Thanx.. Great short sellers analysis üòéüëç,2
2024-09-12T05:37:35Z,2024-09-12T00:41:59Z,LYMfPcxAiEs,"TARGET SHORT SELLERS &quot;New Short overview on $PSNY, $CLOV, $EOSE, $ENVX, $OPEN&quot; 09/12/2024",Ugy3D1SQ1mk7Qh7IyWl4AaABAg,@andreascoveney336,Excellent video!,2
2024-09-12T06:32:48Z,2024-09-12T00:41:59Z,LYMfPcxAiEs,"TARGET SHORT SELLERS &quot;New Short overview on $PSNY, $CLOV, $EOSE, $ENVX, $OPEN&quot; 09/12/2024",Ugy-JCAb-A3dmJnbEUV4AaABAg,@azozazoz4117,It will reach $10 and $15 in 2025,2
2024-08-19T21:26:22Z,2024-08-19T21:43:25Z,uKcWDiyc18k,CLOV Stock (Clover stock) CLOV STOCK PREDICTIONS! CLOV STOCK Analysis clov stock news today $clov.,UgwT7VCPRUpFrGjvj_x4AaABAg,@mrsickotrading,"Want to make MORE PROFITS without fear, anxiety & FOMO while trading? (Free Course) üëâ https://mrsicko.gumroad.com/l/trademastery101 Also, you will need a charting platform, I recommend Tradingview (The fastest way to follow markets, free) üëâ https://www.tradingview.com/chart?aff_id=26879 (this is an affiliate link, but it is the only way to get you a $15 off, +2 months, yearly discount if interested)",0
2024-07-15T00:05:00Z,2024-07-12T19:37:20Z,T5P-uXnPmIE,Clover Health is Breaking Out En Route to MOON,UgwfdiQAeCDjYJCQxmR4AaABAg,@kwodwoteam8620,Hope you're still holding those CHPT August 16th calls.. Gotta love monthly options,0
2024-07-13T00:28:33Z,2024-07-12T19:37:20Z,T5P-uXnPmIE,Clover Health is Breaking Out En Route to MOON,Ugzkdmw609VQLZeoI-p4AaABAg,@AnotherDayAnotherTrade,ChargePoint had a nice break out today,0
2024-09-05T19:43:59Z,2024-09-05T20:18:07Z,iDOogFsmDlE,CLOV Stock (Clover stock) CLOV STOCK PREDICTIONS! CLOV STOCK Analysis clov stock news today $clov,UgyVoj3XuhOwDY1gB-14AaABAg,@mrsickotrading,"Want to Make More Profits by taking less trades, without fear? (Free): https://mrsicko.gumroad.com/l/trademastery101 Want Your Life & Trading Organized? Go here: https://mrsicko.gumroad.com/l/free/ds0s6pa Want a Charting Software? Go here (Free): https://www.tradingview.com/chart?aff_id=26879",0
2024-10-03T20:55:32Z,2024-10-03T21:09:40Z,ScecD_j4xNQ,CLOV Stock FRIDAY CRAZY! (buy now?) CLOV,Ugypdor8coDq1D1GtOl4AaABAg,@mrsickotrading,"Want to Make More Profits By Taking Less Trades, Without Fear? (Free): https://mrsicko.gumroad.com/l/trademastery101 Want Your Life & Trading Organized? Go here: https://mrsicko.gumroad.com/l/free/ds0s6pa Want a Charting Software? Go here (Free): https://www.tradingview.com/chart?aff_id=26879 Join 2,103+ Readers - Learn to Trade without fear in 5mins per Week (Free) https://mrsicko.substack.com/?showWelcome=true",0
2024-10-03T21:14:48Z,2024-10-03T21:09:40Z,ScecD_j4xNQ,CLOV Stock FRIDAY CRAZY! (buy now?) CLOV,Ugz2Vo07XXUQgrrOHl14AaABAg,@JamesWilliams-s6y,"Thank you for the content!! All we need is the right advice on how to invest in crypto and we will be set for life, made $68,000 profit from trading last month regardless of how bad it gets on the economy",7
2024-08-16T21:05:13Z,2024-08-14T23:54:46Z,f-84AuVCgxw,"TARGET SHORT SELLERS &quot;$CLOV, SHORTS ARE OUT FOR NOW&quot; 15/08/2024",UgwtBhxPvXlUCOusTOh4AaABAg,@TSSINVEST,"This year they are only on target for about $1.35B in revenue, that‚Äôs only servicing about 2 states fully and a smaller fraction of 3 others. So once they are ready to get back into growth mode, they can grow revenue quickly, just by tapping into the other 45 States, plus the remainder of the states they are only in a fraction of.",1
2024-08-15T22:29:27Z,2024-08-14T23:54:46Z,f-84AuVCgxw,"TARGET SHORT SELLERS &quot;$CLOV, SHORTS ARE OUT FOR NOW&quot; 15/08/2024",Ugywd6drhzIxmiMp43J4AaABAg,@gruntman315,Im ashamed to say i never averaged down. Im stuck holding very large bags. Thank you for the video and im glad to see things trending in the right direction.,0
2024-08-15T05:33:19Z,2024-08-14T23:54:46Z,f-84AuVCgxw,"TARGET SHORT SELLERS &quot;$CLOV, SHORTS ARE OUT FOR NOW&quot; 15/08/2024",Ugw7tMkX5LNW2rmdcu54AaABAg,@estyx64,Nice video bro,0
2024-08-15T02:15:30Z,2024-08-14T23:54:46Z,f-84AuVCgxw,"TARGET SHORT SELLERS &quot;$CLOV, SHORTS ARE OUT FOR NOW&quot; 15/08/2024",UgzNc5LhyCdaq5J0n8h4AaABAg,@riskyseeds423,I bought at .80 brought my average down to 1.52,0
2024-10-05T21:00:09Z,2024-10-05T21:08:11Z,xWB-V9Brz2A,CLOV Stock is Crazy! (next week target) CLOV,Ugx9U6_wCvI7QsYBaqp4AaABAg,@mrsickotrading,"Want to make MORE PROFITS without fear, anxiety & FOMO while trading? (Free Course) üëâ https://mrsicko.gumroad.com/l/trademastery101 Also, you will need a charting platform, I recommend Tradingview (The fastest way to follow markets, free) üëâ https://www.tradingview.com/?aff_id=26879 (this is an affiliate link, but it is the only way to get you a $15 off, +2 months, yearly discount if interested) Join 2,103+ Readers - Learn to Trade without fear in 5mins per Week (Free) https://mrsicko.substack.com/?showWelcome=true",0
2024-10-05T21:51:59Z,2024-10-05T21:08:11Z,xWB-V9Brz2A,CLOV Stock is Crazy! (next week target) CLOV,Ugwes904OglQqma82Wh4AaABAg,@JamesWilliams-s6y,"Thank you for the content!! All we need is the right advice on how to invest in crypto and we will be set for life, made $68,000 profit from trading last month regardless of how bad it gets on the economy",5
2024-08-30T00:03:22Z,2024-08-30T00:02:52Z,gqwRosAGlcw,"Technical Analysis: AFRM, AMZN, BAC, CAT, CAVA, CLOV, HIMS, IREN, LUMN, MSFT, SBUX, SOFI, TSLA",UgzpfQd_uOJ28pOrWd94AaABAg,@NoRandomTrades,Time  Stamps 0:00 INTRO 0:36 AFRM 3:42 AMZN 6:05 BAC 8:06 CAT 10:02 CAVA 15:52 CLOV 18:30 HIMS 21:15 IREN 23:50 LUMN 25:53 MSFT 28:19 SBUX 30:04 SOFI 33:17 TSLA,0
2025-02-18T21:08:09Z,2025-02-18T01:06:35Z,K57nPHzDpHI,"Technical Analysis: $AAPL, $AMZN, $CLOV, $GOOG, $GRAB, $RDDT, $SNOW",Ugyk9HPYoPooBTIIO0N4AaABAg,@arkans8658,ü§†,0
2025-02-18T01:07:10Z,2025-02-18T01:06:35Z,K57nPHzDpHI,"Technical Analysis: $AAPL, $AMZN, $CLOV, $GOOG, $GRAB, $RDDT, $SNOW",Ugyj0YTIDf-y15TNKKF4AaABAg,@NoRandomTrades,https://x.com/norandomtrades Time Stamps 0:00 AAPL 2:29 AMZN 5:08 CLOV 8:52 GOOG 11:07 GRAB 13:21 RDDT 15:15 SNOW,0
2024-07-13T03:43:57Z,2024-07-13T01:09:35Z,LIRL5nGXBFE,TARGET SHORT SELLERS &quot;$CLOV + $PSNY LET&#39;S RIDE AND LEARN&quot; 07/13/2024,Ugz7C08rB7bSAMTIl0x4AaABAg,@marathon9691,Great video. Welcome back.,0
2024-07-14T18:51:37Z,2024-07-13T01:09:35Z,LIRL5nGXBFE,TARGET SHORT SELLERS &quot;$CLOV + $PSNY LET&#39;S RIDE AND LEARN&quot; 07/13/2024,Ugz1LDNea2yiIhwbQjR4AaABAg,@AntonioLopez-2050,"3/3,5$ clov Next year?",0
2024-09-25T17:05:55Z,2024-09-25T00:46:06Z,I-VvJ6B8StU,"TARGET SHORT SELLERS &quot;UPDATE SHORT ACTIVITY ON $CLOV, $GRRR, $EOSE&quot;",Ugyo3cA5unwIE8tyZdN4AaABAg,@Gibraltar-vw1yy,Merci beaucoup pour ces pr√©cisions et ce suivie . Bien √† vous .,0
2024-09-25T17:31:25Z,2024-09-25T00:46:06Z,I-VvJ6B8StU,"TARGET SHORT SELLERS &quot;UPDATE SHORT ACTIVITY ON $CLOV, $GRRR, $EOSE&quot;",UgzXm-R5RPUoapTw0KB4AaABAg,@keysersoze8762,great info! thank you for sharing,0
2024-09-25T10:53:41Z,2024-09-25T00:46:06Z,I-VvJ6B8StU,"TARGET SHORT SELLERS &quot;UPDATE SHORT ACTIVITY ON $CLOV, $GRRR, $EOSE&quot;",UgwGRUF9dIu8NLGpbbV4AaABAg,@Jonathan-gk7eq,Thanks for the update,0
2024-09-26T03:24:55Z,2024-09-25T00:46:06Z,I-VvJ6B8StU,"TARGET SHORT SELLERS &quot;UPDATE SHORT ACTIVITY ON $CLOV, $GRRR, $EOSE&quot;",UgziXkFEGfRtECa6MBd4AaABAg,@johnspeed_,$CLOV üêÇ,1
2024-10-03T20:59:42Z,2024-10-03T21:33:46Z,sfwuyZwAQFA,CLOV Stock (Clover stock) CLOV STOCK PREDICTIONS! CLOV STOCK Analysis clov stock news today $clov.,UgyomQZRHBMav3BR0yx4AaABAg,@mrsickotrading,"Want to Make More Profits By Taking Less Trades, Without Fear? (Free): https://mrsicko.gumroad.com/l/trademastery101 Want Your Life & Trading Organized? Go here: https://mrsicko.gumroad.com/l/free/ds0s6pa Want a Charting Software? Go here (Free): https://www.tradingview.com/chart?aff_id=26879 Join 2,103+ Readers - Learn to Trade without fear in 5mins per Week (Free) https://mrsicko.substack.com/?showWelcome=true",0
2025-01-14T13:51:56Z,2025-01-14T01:46:55Z,jjf_YyryiuE,"Technical Analysis: $AAPL, $AMD, $BTC, $CLOV, $GEV, $HIMS, $META, $MMM, $MSFT, $NKE, $TSLA",Ugyc7KXRURdu4slazI54AaABAg,@reeseLol,Thank you for the video :),1
2025-01-14T02:48:05Z,2025-01-14T01:46:55Z,jjf_YyryiuE,"Technical Analysis: $AAPL, $AMD, $BTC, $CLOV, $GEV, $HIMS, $META, $MMM, $MSFT, $NKE, $TSLA",Ugxt4z6AC3zGcBkmxrl4AaABAg,@DavonPrescott-v4r,The video content is very worth learning!There are some things I don't understand:I have a wallet address with TRC20 USDT in it and I have a recovery phrase.:(laugh nominee buzz game expose field wash shoe world sadness bicycle grain).:How should I turn them into Bitcoin?,0
2025-01-14T01:48:42Z,2025-01-14T01:46:55Z,jjf_YyryiuE,"Technical Analysis: $AAPL, $AMD, $BTC, $CLOV, $GEV, $HIMS, $META, $MMM, $MSFT, $NKE, $TSLA",UgwjkS2QHskX9sp8NAN4AaABAg,@NoRandomTrades,https://x.com/norandomtrades Time Stamps 0:00 AAPL 3:34 AMD 5:30 BTC 8:50 CLOV 11:50 GEV 14:19 HIMS 17:17 META 19:43 MMM 21:03 MSFT 23:21 NKE 26:17 TSLA,0
2024-10-05T21:03:03Z,2024-10-05T21:28:06Z,8jMubVZ7tyw,CLOV Stock (Clover stock) CLOV STOCK PREDICTIONS! CLOV STOCK Analysis clov stock news today $clov.,UgzL9rV4yBdT-CB0vXh4AaABAg,@mrsickotrading,"Want to make MORE PROFITS without fear, anxiety & FOMO while trading? (Free Course) üëâ https://mrsicko.gumroad.com/l/trademastery101 Also, you will need a charting platform, I recommend Tradingview (The fastest way to follow markets, free) üëâ https://www.tradingview.com/?aff_id=26879 (this is an affiliate link, but it is the only way to get you a $15 off, +2 months, yearly discount if interested) Join 2,103+ Readers - Learn to Trade without fear in 5mins per Week (Free) https://mrsicko.substack.com/?showWelcome=true",0
2024-11-13T02:03:12Z,2024-11-13T01:05:12Z,3Li7j9zL8Bk,"Technical Analysis: $AFRM, $AMD, $ASTS, $CAVA, $CLOV, $CRM, $DDOG, $DOCS, $GOOG, $HIMS, $MSFT, $TSLA",UgzInGgBiy6sXvyjswt4AaABAg,@reeseLol,Great analysis - thank you! A consolidation between 29.8 and 25.7 makes sense to me... Fingers crossed we push through all time high. FDA Is making a major accountment on November 21 regarding the GLP 1 drug HIMS is selling and whether or not the shortage continues. The decision will have a major impact on the stock in the short term - either a large move up or large move down. Probably consolidation until then but hopefully not...,0
2025-01-03T04:41:59Z,2024-12-25T01:17:10Z,EFhOzeexpj8,TARGET SHORT SELLERS &quot;$MVST the new $CLOV ?&quot; 25/12/2024,UgzRvBiWGNmaUPOJGBx4AaABAg,@TSSINVEST,"If you've been making money with my picks (CLOV, EOSE, GRRR, MVST, AMPX) you can give a tip on Paypal --------- https://www.paypal.com/paypalme/michaelabourayan?locale.x=fr_FR",0
2025-01-02T09:53:57Z,2024-12-25T01:17:10Z,EFhOzeexpj8,TARGET SHORT SELLERS &quot;$MVST the new $CLOV ?&quot; 25/12/2024,UgwYb2TOGctXOaGAl7J4AaABAg,@NetoxXsurf,"Great calls, keep updating",0
2024-12-25T18:16:49Z,2024-12-25T01:17:10Z,EFhOzeexpj8,TARGET SHORT SELLERS &quot;$MVST the new $CLOV ?&quot; 25/12/2024,Ugw0eQ3-J19VyO5HSAx4AaABAg,@Andrew-rs7tp,great job being logical. thanks,0
2024-12-26T10:43:53Z,2024-12-25T01:17:10Z,EFhOzeexpj8,TARGET SHORT SELLERS &quot;$MVST the new $CLOV ?&quot; 25/12/2024,UgzSJQvdw0XhbpN0TpF4AaABAg,@NetoxXsurf,Swinging with u on this one,0
2024-12-25T02:08:05Z,2024-12-25T01:17:10Z,EFhOzeexpj8,TARGET SHORT SELLERS &quot;$MVST the new $CLOV ?&quot; 25/12/2024,Ugwj8VRf6SsueK8H5A94AaABAg,@johnspeed_,"Thanks for the update. I‚Äôm enjoying this series. I added a few shares today, we‚Äôll see what happens‚Ä¶",2
2024-12-25T13:29:57Z,2024-12-25T01:17:10Z,EFhOzeexpj8,TARGET SHORT SELLERS &quot;$MVST the new $CLOV ?&quot; 25/12/2024,Ugz7cumA5gFKRRGwuxp4AaABAg,@ThePh34R,Good stuff,0
2024-12-26T17:26:10Z,2024-12-25T01:17:10Z,EFhOzeexpj8,TARGET SHORT SELLERS &quot;$MVST the new $CLOV ?&quot; 25/12/2024,UgxU-_3a6CVdQjtjyMx4AaABAg,@grimble12,"Just hit 200% at 2.4. Not selling, still undervalued.",0
2024-12-26T01:26:19Z,2024-12-25T01:17:10Z,EFhOzeexpj8,TARGET SHORT SELLERS &quot;$MVST the new $CLOV ?&quot; 25/12/2024,UgxrKG9ULQsFSJEIGKx4AaABAg,@carlosrezende1391,Hold might be better specifically if the 4th quarter is profitable versus trying to predict small movements.,0
2024-12-26T01:19:54Z,2024-12-25T01:17:10Z,EFhOzeexpj8,TARGET SHORT SELLERS &quot;$MVST the new $CLOV ?&quot; 25/12/2024,Ugzg_j7dojtC5yzs3eZ4AaABAg,@carlosrezende1391,"Maybe after the 4th quarter results in March, MVST could go much higher. Assuming another good quarter. I would think over $10",0
2024-12-25T09:57:00Z,2024-12-25T01:17:10Z,EFhOzeexpj8,TARGET SHORT SELLERS &quot;$MVST the new $CLOV ?&quot; 25/12/2024,UgwmxREPSz3GICWT8_54AaABAg,@maci4541,"Nice call on $GRRR, do u have any price targets for it?",1
2025-01-03T04:41:06Z,2024-12-25T01:17:10Z,EFhOzeexpj8,TARGET SHORT SELLERS &quot;$MVST the new $CLOV ?&quot; 25/12/2024,UgwXpjOC4tsp8WCBHZt4AaABAg,@TSSINVEST,You need go in and out with $AMPX,0
2024-10-17T14:37:52Z,2024-10-13T07:00:22Z,PMkRypqeWOQ,"Technical Analysis: $ASTS, $BAC, $CELH, $CLOV, $FSLR, $GOOG, $MSFT, $RIVN, $SMH, $XLF",UgwD7QXeltY0h0kfpJR4AaABAg,@prashannesarajah6846,Gone holiday? üòõ,0
2024-10-05T16:55:36Z,2024-10-05T00:15:48Z,VxOhw0HQrbA,"Technical Analysis: $AAPL, $AFRM, $AMD, $AMZN, $BTC, $CLOV, $CRWD, $HIMS, $JMIA, $MU, $NQ, $XLE",UgxJqNYozKzWma6wob94AaABAg,@NoRandomTrades,Time Stamps 0:00 INTRO 3:53 AFRM 6:33 AMD 9:01 AMZN 11:11 BTC 13:09 CLOV 16:30 CRWD 19:25 HIMS 24:16 JMIA 25:48 MSFT 27:44 MU 29:21 NQ 30:35 XLE,0
2024-10-05T13:50:07Z,2024-10-05T00:15:48Z,VxOhw0HQrbA,"Technical Analysis: $AAPL, $AFRM, $AMD, $AMZN, $BTC, $CLOV, $CRWD, $HIMS, $JMIA, $MU, $NQ, $XLE",UgyGM5J6Gctz9zd4gCB4AaABAg,@reeseLol,Thanks for the shoutout! HIMS is up in the after hours because it was announced they would be added to the S&P Small Cap 600.,1
2024-10-06T07:16:23Z,2024-10-05T00:15:48Z,VxOhw0HQrbA,"Technical Analysis: $AAPL, $AFRM, $AMD, $AMZN, $BTC, $CLOV, $CRWD, $HIMS, $JMIA, $MU, $NQ, $XLE",UgzeZzc_UqyV_4ObMal4AaABAg,@jorainbo2001,"For the sma on daily chart, you mainly use 35 and 200? Do dou use others on other timeframes? Thanks for the video",1
2024-11-05T00:59:33Z,2024-11-04T00:42:45Z,Jlo4wzjnmbA,Technical Analysis: $AAPL $AFRM $AMZN $BTC $CLOV $CVNA $DDGO $GOOG $HIMS $MSFT $NQ $RDDT $XLU,UgzpvYclAenochRHvr14AaABAg,@Bakedzito,Thanks for your time man üëç,2
2024-11-04T00:48:05Z,2024-11-04T00:42:45Z,Jlo4wzjnmbA,Technical Analysis: $AAPL $AFRM $AMZN $BTC $CLOV $CVNA $DDGO $GOOG $HIMS $MSFT $NQ $RDDT $XLU,Ugwsto_9qrDv6NRdSFx4AaABAg,@NoRandomTrades,Time Stamps 0:00 INTRO 0:30 AAPL 2:02 AFRM 3:58 AMZN 7:33 BTC 9:28 CLOV 11:30 CVNA 13:56 DDGO 15:57 GOOG 17:43 HIMS 22:14 MSFT 24:31 NQ 26:34 RDDT 28:48 XLU,0
2024-11-04T01:03:28Z,2024-11-04T00:42:45Z,Jlo4wzjnmbA,Technical Analysis: $AAPL $AFRM $AMZN $BTC $CLOV $CVNA $DDGO $GOOG $HIMS $MSFT $NQ $RDDT $XLU,Ugz9MXFoo6C8QdifoCR4AaABAg,@reeseLol,There he isss been waiting for this video all weekend :),1
